normalization	../../../../dataset/normalization
client	../../../../dataset/client
server	../../../../dataset/server
tansformers/transformer-1	../../../../../dataset/tansformers/transformer-1
tansformers/transformer-2	../../../../../dataset/tansformers/transformer-2
tansformers/transformer-3	../../../../../dataset/tansformers/transformer-3
tansformers/transformer-4	../../../../../dataset/tansformers/transformer-4
tansformers/transformer-5	../../../../../dataset/tansformers/transformer-5
tansformers/transformer-6	../../../../../dataset/tansformers/transformer-6
tansformers/transformer-7	../../../../../dataset/tansformers/transformer-7
tansformers/transformer-8	../../../../../dataset/tansformers/transformer-8
tansformers/transformer-9	../../../../../dataset/tansformers/transformer-9
tansformers/transformer-10	../../../../../dataset/tansformers/transformer-10
tansformers/transformer-11	../../../../../dataset/tansformers/transformer-11
tansformers/transformer-12	../../../../../dataset/tansformers/transformer-12
tansformers/transformer-13	../../../../../dataset/tansformers/transformer-13
tansformers/transformer-14	../../../../../dataset/tansformers/transformer-14
tansformers/transformer-15	../../../../../dataset/tansformers/transformer-15
tansformers/transformer-16	../../../../../dataset/tansformers/transformer-16
tansformers/transformer-17	../../../../../dataset/tansformers/transformer-17
tansformers/transformer-18	../../../../../dataset/tansformers/transformer-18
tansformers/transformer-19	../../../../../dataset/tansformers/transformer-19
tansformers/transformer-20	../../../../../dataset/tansformers/transformer-20
tansformers/transformer-21	../../../../../dataset/tansformers/transformer-21
tansformers/transformer-22	../../../../../dataset/tansformers/transformer-22
tansformers/transformer-23	../../../../../dataset/tansformers/transformer-23
tansformers/transformer-24	../../../../../dataset/tansformers/transformer-24
tansformers/transformer-25	../../../../../dataset/tansformers/transformer-25
tansformers/transformer-26	../../../../../dataset/tansformers/transformer-26
tansformers/transformer-27	../../../../../dataset/tansformers/transformer-27
tansformers/transformer-28	../../../../../dataset/tansformers/transformer-28
tansformers/transformer-29	../../../../../dataset/tansformers/transformer-29
tansformers/transformer-30	../../../../../dataset/tansformers/transformer-30
tansformers/transformer-31	../../../../../dataset/tansformers/transformer-31
tansformers/transformer-32	../../../../../dataset/tansformers/transformer-32
tansformers/transformer-33	../../../../../dataset/tansformers/transformer-33
tansformers/transformer-34	../../../../../dataset/tansformers/transformer-34
tansformers/transformer-35	../../../../../dataset/tansformers/transformer-35
tansformers/transformer-36	../../../../../dataset/tansformers/transformer-36
tansformers/transformer-37	../../../../../dataset/tansformers/transformer-37
tansformers/transformer-38	../../../../../dataset/tansformers/transformer-38
tansformers/transformer-39	../../../../../dataset/tansformers/transformer-39
tansformers/transformer-40	../../../../../dataset/tansformers/transformer-40
tansformers/transformer-41	../../../../../dataset/tansformers/transformer-41
tansformers/transformer-42	../../../../../dataset/tansformers/transformer-42
tansformers/transformer-43	../../../../../dataset/tansformers/transformer-43
tansformers/transformer-44	../../../../../dataset/tansformers/transformer-44
tansformers/transformer-45	../../../../../dataset/tansformers/transformer-45
tansformers/transformer-46	../../../../../dataset/tansformers/transformer-46
tansformers/transformer-47	../../../../../dataset/tansformers/transformer-47
tansformers/transformer-48	../../../../../dataset/tansformers/transformer-48
tansformers/transformer-49	../../../../../dataset/tansformers/transformer-49
tansformers/transformer-50	../../../../../dataset/tansformers/transformer-50
tansformers/transformer-51	../../../../../dataset/tansformers/transformer-51
tansformers/transformer-52	../../../../../dataset/tansformers/transformer-52
tansformers/transformer-53	../../../../../dataset/tansformers/transformer-53
tansformers/transformer-54	../../../../../dataset/tansformers/transformer-54
tansformers/transformer-55	../../../../../dataset/tansformers/transformer-55
tansformers/transformer-56	../../../../../dataset/tansformers/transformer-56
tansformers/transformer-57	../../../../../dataset/tansformers/transformer-57
tansformers/transformer-58	../../../../../dataset/tansformers/transformer-58
tansformers/transformer-59	../../../../../dataset/tansformers/transformer-59
tansformers/transformer-60	../../../../../dataset/tansformers/transformer-60
tansformers/transformer-61	../../../../../dataset/tansformers/transformer-61
tansformers/transformer-62	../../../../../dataset/tansformers/transformer-62
tansformers/transformer-63	../../../../../dataset/tansformers/transformer-63
tansformers/transformer-64	../../../../../dataset/tansformers/transformer-64
tansformers/transformer-65	../../../../../dataset/tansformers/transformer-65
tansformers/transformer-66	../../../../../dataset/tansformers/transformer-66
tansformers/transformer-67	../../../../../dataset/tansformers/transformer-67
tansformers/transformer-68	../../../../../dataset/tansformers/transformer-68
tansformers/transformer-69	../../../../../dataset/tansformers/transformer-69
tansformers/transformer-70	../../../../../dataset/tansformers/transformer-70
tansformers/transformer-71	../../../../../dataset/tansformers/transformer-71
tansformers/transformer-72	../../../../../dataset/tansformers/transformer-72
tansformers/transformer-73	../../../../../dataset/tansformers/transformer-73
tansformers/transformer-74	../../../../../dataset/tansformers/transformer-74
tansformers/transformer-75	../../../../../dataset/tansformers/transformer-75
tansformers/transformer-76	../../../../../dataset/tansformers/transformer-76
tansformers/transformer-77	../../../../../dataset/tansformers/transformer-77
tansformers/transformer-78	../../../../../dataset/tansformers/transformer-78
tansformers/transformer-79	../../../../../dataset/tansformers/transformer-79
tansformers/transformer-80	../../../../../dataset/tansformers/transformer-80
tansformers/transformer-81	../../../../../dataset/tansformers/transformer-81
tansformers/transformer-82	../../../../../dataset/tansformers/transformer-82
tansformers/transformer-83	../../../../../dataset/tansformers/transformer-83
tansformers/transformer-84	../../../../../dataset/tansformers/transformer-84
tansformers/transformer-85	../../../../../dataset/tansformers/transformer-85
tansformers/transformer-86	../../../../../dataset/tansformers/transformer-86
tansformers/transformer-87	../../../../../dataset/tansformers/transformer-87
tansformers/transformer-88	../../../../../dataset/tansformers/transformer-88
tansformers/transformer-89	../../../../../dataset/tansformers/transformer-89
tansformers/transformer-90	../../../../../dataset/tansformers/transformer-90
tansformers/transformer-91	../../../../../dataset/tansformers/transformer-91
tansformers/transformer-92	../../../../../dataset/tansformers/transformer-92
