/opt/clover-k3/clover-data/trunk-73	/opt/clover-k3/clover-intelegence/dataset/trunk-73	2306:57825200
/opt/clover-k3/clover-data/trunk-88	/opt/clover-k3/clover-intelegence/dataset/trunk-88	2306:57835492
/opt/clover-k3/clover-data/trunk-54	/opt/clover-k3/clover-intelegence/dataset/trunk-54	2306:57813890
/opt/clover-k3/clover-data/root-37	/opt/clover-k3/clover-intelegence/dataset/root-37	2306:57687349
/opt/clover-k3/clover-data/trunk-50	/opt/clover-k3/clover-intelegence/dataset/trunk-50	2306:57811813
/opt/clover-k3/clover-data/root-4	/opt/clover-k3/clover-intelegence/dataset/root-4	2306:57684702
/opt/clover-k3/clover-data/root-1	/opt/clover-k3/clover-intelegence/dataset/root-1	2306:57682462
/opt/clover-k3/clover-data/trunk-5	/opt/clover-k3/clover-intelegence/dataset/trunk-5	2306:57696301
/opt/clover-k3/clover-data/root-62	/opt/clover-k3/clover-intelegence/dataset/root-62	2306:57689718
/opt/clover-k3/clover-data/root-14	/opt/clover-k3/clover-intelegence/dataset/root-14	2306:57685503
/opt/clover-k3/clover-data/root-19	/opt/clover-k3/clover-intelegence/dataset/root-19	2306:57685903
/opt/clover-k3/clover-data/operators/qkv-all/layer-16	/opt/clover-k3/clover-intelegence/dataset/operators/qkv-all/layer-16	2306:57807622
/opt/clover-k3/clover-data/operators/qkv-all/layer-42	/opt/clover-k3/clover-intelegence/dataset/operators/qkv-all/layer-42	2306:57807721
/opt/clover-k3/clover-data/operators/qkv-all/layer-49	/opt/clover-k3/clover-intelegence/dataset/operators/qkv-all/layer-49	2306:57807742
/opt/clover-k3/clover-data/operators/qkv-all/layer-11	/opt/clover-k3/clover-intelegence/dataset/operators/qkv-all/layer-11	2306:57807604
/opt/clover-k3/clover-data/operators/qkv-all/layer-32	/opt/clover-k3/clover-intelegence/dataset/operators/qkv-all/layer-32	2306:57807683
/opt/clover-k3/clover-data/operators/qkv-all/layer-55	/opt/clover-k3/clover-intelegence/dataset/operators/qkv-all/layer-55	2306:57807760
/opt/clover-k3/clover-data/operators/qkv-all/layer-86	/opt/clover-k3/clover-intelegence/dataset/operators/qkv-all/layer-86	2306:57807893
/opt/clover-k3/clover-data/operators/qkv-all/layer-89	/opt/clover-k3/clover-intelegence/dataset/operators/qkv-all/layer-89	2306:57807904
/opt/clover-k3/clover-data/operators/qkv-all/layer-66	/opt/clover-k3/clover-intelegence/dataset/operators/qkv-all/layer-66	2306:57807807
/opt/clover-k3/clover-data/operators/qkv-all/layer-70	/opt/clover-k3/clover-intelegence/dataset/operators/qkv-all/layer-70	2306:57807831
/opt/clover-k3/clover-data/operators/qkv-all/layer-52	/opt/clover-k3/clover-intelegence/dataset/operators/qkv-all/layer-52	2306:57807751
/opt/clover-k3/clover-data/operators/qkv-all/layer-65	/opt/clover-k3/clover-intelegence/dataset/operators/qkv-all/layer-65	2306:57807792
/opt/clover-k3/clover-data/operators/qkv-all/layer-25	/opt/clover-k3/clover-intelegence/dataset/operators/qkv-all/layer-25	2306:57807657
/opt/clover-k3/clover-data/operators/qkv-all/layer-18	/opt/clover-k3/clover-intelegence/dataset/operators/qkv-all/layer-18	2306:57807630
/opt/clover-k3/clover-data/operators/qkv-all/layer-17	/opt/clover-k3/clover-intelegence/dataset/operators/qkv-all/layer-17	2306:57807626
/opt/clover-k3/clover-data/operators/qkv-all/layer-72	/opt/clover-k3/clover-intelegence/dataset/operators/qkv-all/layer-72	2306:57807838
/opt/clover-k3/clover-data/operators/qkv-all/layer-92	/opt/clover-k3/clover-intelegence/dataset/operators/qkv-all/layer-92	2306:57807915
/opt/clover-k3/clover-data/operators/qkv-all/layer-29	/opt/clover-k3/clover-intelegence/dataset/operators/qkv-all/layer-29	2306:57807672
/opt/clover-k3/clover-data/operators/qkv-all/layer-77	/opt/clover-k3/clover-intelegence/dataset/operators/qkv-all/layer-77	2306:57807858
/opt/clover-k3/clover-data/operators/qkv-all/layer-12	/opt/clover-k3/clover-intelegence/dataset/operators/qkv-all/layer-12	2306:57807607
/opt/clover-k3/clover-data/operators/qkv-all/layer-73	/opt/clover-k3/clover-intelegence/dataset/operators/qkv-all/layer-73	2306:57807842
/opt/clover-k3/clover-data/operators/qkv-all/layer-58	/opt/clover-k3/clover-intelegence/dataset/operators/qkv-all/layer-58	2306:57807769
/opt/clover-k3/clover-data/operators/qkv-all/layer-84	/opt/clover-k3/clover-intelegence/dataset/operators/qkv-all/layer-84	2306:57807884
/opt/clover-k3/clover-data/operators/qkv-all/layer-37	/opt/clover-k3/clover-intelegence/dataset/operators/qkv-all/layer-37	2306:57807702
/opt/clover-k3/clover-data/operators/qkv-all/layer-8	/opt/clover-k3/clover-intelegence/dataset/operators/qkv-all/layer-8	2306:57807590
/opt/clover-k3/clover-data/operators/qkv-all/layer-69	/opt/clover-k3/clover-intelegence/dataset/operators/qkv-all/layer-69	2306:57807827
/opt/clover-k3/clover-data/operators/qkv-all/layer-43	/opt/clover-k3/clover-intelegence/dataset/operators/qkv-all/layer-43	2306:57807724
/opt/clover-k3/clover-data/operators/qkv-all/layer-80	/opt/clover-k3/clover-intelegence/dataset/operators/qkv-all/layer-80	2306:57807869
/opt/clover-k3/clover-data/operators/qkv-all/layer-24	/opt/clover-k3/clover-intelegence/dataset/operators/qkv-all/layer-24	2306:57807653
/opt/clover-k3/clover-data/operators/qkv-all/layer-74	/opt/clover-k3/clover-intelegence/dataset/operators/qkv-all/layer-74	2306:57807847
/opt/clover-k3/clover-data/operators/qkv-all/layer-54	/opt/clover-k3/clover-intelegence/dataset/operators/qkv-all/layer-54	2306:57807757
/opt/clover-k3/clover-data/operators/qkv-all/layer-44	/opt/clover-k3/clover-intelegence/dataset/operators/qkv-all/layer-44	2306:57807727
/opt/clover-k3/clover-data/operators/qkv-all/layer-20	/opt/clover-k3/clover-intelegence/dataset/operators/qkv-all/layer-20	2306:57807637
/opt/clover-k3/clover-data/operators/qkv-all/layer-81	/opt/clover-k3/clover-intelegence/dataset/operators/qkv-all/layer-81	2306:57807873
/opt/clover-k3/clover-data/operators/qkv-all/layer-61	/opt/clover-k3/clover-intelegence/dataset/operators/qkv-all/layer-61	2306:57807778
/opt/clover-k3/clover-data/operators/qkv-all/layer-23	/opt/clover-k3/clover-intelegence/dataset/operators/qkv-all/layer-23	2306:57807650
/opt/clover-k3/clover-data/operators/qkv-all/layer-34	/opt/clover-k3/clover-intelegence/dataset/operators/qkv-all/layer-34	2306:57807691
/opt/clover-k3/clover-data/operators/qkv-all/layer-59	/opt/clover-k3/clover-intelegence/dataset/operators/qkv-all/layer-59	2306:57807772
/opt/clover-k3/clover-data/operators/qkv-all/layer-63	/opt/clover-k3/clover-intelegence/dataset/operators/qkv-all/layer-63	2306:57807784
/opt/clover-k3/clover-data/operators/qkv-all/layer-15	/opt/clover-k3/clover-intelegence/dataset/operators/qkv-all/layer-15	2306:57807619
/opt/clover-k3/clover-data/operators/qkv-all/layer-33	/opt/clover-k3/clover-intelegence/dataset/operators/qkv-all/layer-33	2306:57807687
/opt/clover-k3/clover-data/operators/qkv-all/layer-13	/opt/clover-k3/clover-intelegence/dataset/operators/qkv-all/layer-13	2306:57807611
/opt/clover-k3/clover-data/operators/qkv-all/layer-28	/opt/clover-k3/clover-intelegence/dataset/operators/qkv-all/layer-28	2306:57807668
/opt/clover-k3/clover-data/operators/qkv-all/layer-26	/opt/clover-k3/clover-intelegence/dataset/operators/qkv-all/layer-26	2306:57807661
/opt/clover-k3/clover-data/operators/qkv-all/layer-47	/opt/clover-k3/clover-intelegence/dataset/operators/qkv-all/layer-47	2306:57807736
/opt/clover-k3/clover-data/operators/qkv-all/layer-83	/opt/clover-k3/clover-intelegence/dataset/operators/qkv-all/layer-83	2306:57807881
/opt/clover-k3/clover-data/operators/qkv-all/layer-6	/opt/clover-k3/clover-intelegence/dataset/operators/qkv-all/layer-6	2306:57807582
/opt/clover-k3/clover-data/operators/qkv-all/layer-67	/opt/clover-k3/clover-intelegence/dataset/operators/qkv-all/layer-67	2306:57807818
/opt/clover-k3/clover-data/operators/qkv-all/layer-75	/opt/clover-k3/clover-intelegence/dataset/operators/qkv-all/layer-75	2306:57807850
/opt/clover-k3/clover-data/operators/qkv-all/layer-85	/opt/clover-k3/clover-intelegence/dataset/operators/qkv-all/layer-85	2306:57807888
/opt/clover-k3/clover-data/operators/qkv-all/layer-78	/opt/clover-k3/clover-intelegence/dataset/operators/qkv-all/layer-78	2306:57807862
/opt/clover-k3/clover-data/operators/qkv-all/layer-79	/opt/clover-k3/clover-intelegence/dataset/operators/qkv-all/layer-79	2306:57807866
/opt/clover-k3/clover-data/operators/qkv-all/layer-5	/opt/clover-k3/clover-intelegence/dataset/operators/qkv-all/layer-5	2306:57807578
/opt/clover-k3/clover-data/operators/qkv-all/layer-87	/opt/clover-k3/clover-intelegence/dataset/operators/qkv-all/layer-87	2306:57807897
/opt/clover-k3/clover-data/operators/qkv-all/layer-50	/opt/clover-k3/clover-intelegence/dataset/operators/qkv-all/layer-50	2306:57807745
/opt/clover-k3/clover-data/operators/qkv-all/layer-3	/opt/clover-k3/clover-intelegence/dataset/operators/qkv-all/layer-3	2306:57807075
/opt/clover-k3/clover-data/operators/qkv-all/layer-38	/opt/clover-k3/clover-intelegence/dataset/operators/qkv-all/layer-38	2306:57807706
/opt/clover-k3/clover-data/operators/qkv-all/layer-62	/opt/clover-k3/clover-intelegence/dataset/operators/qkv-all/layer-62	2306:57807781
/opt/clover-k3/clover-data/operators/qkv-all/layer-76	/opt/clover-k3/clover-intelegence/dataset/operators/qkv-all/layer-76	2306:57807854
/opt/clover-k3/clover-data/operators/qkv-all/layer-60	/opt/clover-k3/clover-intelegence/dataset/operators/qkv-all/layer-60	2306:57807775
/opt/clover-k3/clover-data/operators/qkv-all/layer-1	/opt/clover-k3/clover-intelegence/dataset/operators/qkv-all/layer-1	2306:57807065
/opt/clover-k3/clover-data/operators/qkv-all/layer-64	/opt/clover-k3/clover-intelegence/dataset/operators/qkv-all/layer-64	2306:57807787
/opt/clover-k3/clover-data/operators/qkv-all/layer-27	/opt/clover-k3/clover-intelegence/dataset/operators/qkv-all/layer-27	2306:57807665
/opt/clover-k3/clover-data/operators/qkv-all/layer-35	/opt/clover-k3/clover-intelegence/dataset/operators/qkv-all/layer-35	2306:57807695
/opt/clover-k3/clover-data/operators/qkv-all/layer-19	/opt/clover-k3/clover-intelegence/dataset/operators/qkv-all/layer-19	2306:57807634
/opt/clover-k3/clover-data/operators/qkv-all/layer-82	/opt/clover-k3/clover-intelegence/dataset/operators/qkv-all/layer-82	2306:57807877
/opt/clover-k3/clover-data/operators/qkv-all/layer-48	/opt/clover-k3/clover-intelegence/dataset/operators/qkv-all/layer-48	2306:57807739
/opt/clover-k3/clover-data/operators/qkv-all/layer-21	/opt/clover-k3/clover-intelegence/dataset/operators/qkv-all/layer-21	2306:57807641
/opt/clover-k3/clover-data/operators/qkv-all/layer-31	/opt/clover-k3/clover-intelegence/dataset/operators/qkv-all/layer-31	2306:57807680
/opt/clover-k3/clover-data/operators/qkv-all/layer-14	/opt/clover-k3/clover-intelegence/dataset/operators/qkv-all/layer-14	2306:57807615
/opt/clover-k3/clover-data/operators/qkv-all/layer-39	/opt/clover-k3/clover-intelegence/dataset/operators/qkv-all/layer-39	2306:57807710
/opt/clover-k3/clover-data/operators/qkv-all/layer-22	/opt/clover-k3/clover-intelegence/dataset/operators/qkv-all/layer-22	2306:57807646
/opt/clover-k3/clover-data/operators/qkv-all/layer-45	/opt/clover-k3/clover-intelegence/dataset/operators/qkv-all/layer-45	2306:57807730
/opt/clover-k3/clover-data/operators/qkv-all/layer-9	/opt/clover-k3/clover-intelegence/dataset/operators/qkv-all/layer-9	2306:57807595
/opt/clover-k3/clover-data/operators/qkv-all/layer-90	/opt/clover-k3/clover-intelegence/dataset/operators/qkv-all/layer-90	2306:57807908
/opt/clover-k3/clover-data/operators/qkv-all/layer-57	/opt/clover-k3/clover-intelegence/dataset/operators/qkv-all/layer-57	2306:57807766
/opt/clover-k3/clover-data/operators/qkv-all/layer-36	/opt/clover-k3/clover-intelegence/dataset/operators/qkv-all/layer-36	2306:57807698
/opt/clover-k3/clover-data/operators/qkv-all/layer-91	/opt/clover-k3/clover-intelegence/dataset/operators/qkv-all/layer-91	2306:57807912
/opt/clover-k3/clover-data/operators/qkv-all/layer-53	/opt/clover-k3/clover-intelegence/dataset/operators/qkv-all/layer-53	2306:57807754
/opt/clover-k3/clover-data/operators/qkv-all/layer-88	/opt/clover-k3/clover-intelegence/dataset/operators/qkv-all/layer-88	2306:57807900
/opt/clover-k3/clover-data/operators/qkv-all/layer-56	/opt/clover-k3/clover-intelegence/dataset/operators/qkv-all/layer-56	2306:57807763
/opt/clover-k3/clover-data/operators/qkv-all/layer-7	/opt/clover-k3/clover-intelegence/dataset/operators/qkv-all/layer-7	2306:57807587
/opt/clover-k3/clover-data/operators/qkv-all/layer-40	/opt/clover-k3/clover-intelegence/dataset/operators/qkv-all/layer-40	2306:57807713
/opt/clover-k3/clover-data/operators/qkv-all/layer-2	/opt/clover-k3/clover-intelegence/dataset/operators/qkv-all/layer-2	2306:57807070
/opt/clover-k3/clover-data/operators/qkv-all/layer-51	/opt/clover-k3/clover-intelegence/dataset/operators/qkv-all/layer-51	2306:57807748
/opt/clover-k3/clover-data/operators/qkv-all/layer-68	/opt/clover-k3/clover-intelegence/dataset/operators/qkv-all/layer-68	2306:57807821
/opt/clover-k3/clover-data/operators/qkv-all/layer-46	/opt/clover-k3/clover-intelegence/dataset/operators/qkv-all/layer-46	2306:57807733
/opt/clover-k3/clover-data/operators/qkv-all/layer-10	/opt/clover-k3/clover-intelegence/dataset/operators/qkv-all/layer-10	2306:57807599
/opt/clover-k3/clover-data/operators/qkv-all/layer-71	/opt/clover-k3/clover-intelegence/dataset/operators/qkv-all/layer-71	2306:57807835
/opt/clover-k3/clover-data/operators/qkv-all/layer-30	/opt/clover-k3/clover-intelegence/dataset/operators/qkv-all/layer-30	2306:57807676
/opt/clover-k3/clover-data/operators/qkv-all/layer-41	/opt/clover-k3/clover-intelegence/dataset/operators/qkv-all/layer-41	2306:57807717
/opt/clover-k3/clover-data/operators/qkv-all/layer-4	/opt/clover-k3/clover-intelegence/dataset/operators/qkv-all/layer-4	2306:57807573
/opt/clover-k3/clover-data/operators/trunk-0-qkv	/opt/clover-k3/clover-intelegence/dataset/operators/trunk-0-qkv	2306:57805239
/opt/clover-k3/clover-data/root-25	/opt/clover-k3/clover-intelegence/dataset/root-25	2306:57686389
/opt/clover-k3/clover-data/root-85	/opt/clover-k3/clover-intelegence/dataset/root-85	2306:57693200
/opt/clover-k3/clover-data/root-2	/opt/clover-k3/clover-intelegence/dataset/root-2	2306:57684532
/opt/clover-k3/clover-data/trunk-75	/opt/clover-k3/clover-intelegence/dataset/trunk-75	2306:57826494
/opt/clover-k3/clover-data/root-70	/opt/clover-k3/clover-intelegence/dataset/root-70	2306:57690972
/opt/clover-k3/clover-data/root-79	/opt/clover-k3/clover-intelegence/dataset/root-79	2306:57692126
/opt/clover-k3/clover-data/root-50	/opt/clover-k3/clover-intelegence/dataset/root-50	2306:57688389
/opt/clover-k3/clover-data/trunk-76	/opt/clover-k3/clover-intelegence/dataset/trunk-76	2306:57827150
/opt/clover-k3/clover-data/root-89	/opt/clover-k3/clover-intelegence/dataset/root-89	2306:57694073
/opt/clover-k3/clover-data/trunk-90	/opt/clover-k3/clover-intelegence/dataset/trunk-90	2306:57934905
/opt/clover-k3/clover-data/root-39	/opt/clover-k3/clover-intelegence/dataset/root-39	2306:57687509
/opt/clover-k3/clover-data/trunk-21	/opt/clover-k3/clover-intelegence/dataset/trunk-21	2306:57700801
/opt/clover-k3/clover-data/root-54	/opt/clover-k3/clover-intelegence/dataset/root-54	2306:57688709
/opt/clover-k3/clover-data/trunk-89	/opt/clover-k3/clover-intelegence/dataset/trunk-89	2306:57934165
/opt/clover-k3/clover-data/trunk-84	/opt/clover-k3/clover-intelegence/dataset/trunk-84	2306:57832616
/opt/clover-k3/clover-data/trunk-86	/opt/clover-k3/clover-intelegence/dataset/trunk-86	2306:57834042
/opt/clover-k3/clover-data/trunk-44	/opt/clover-k3/clover-intelegence/dataset/trunk-44	2306:57808671
/opt/clover-k3/clover-data/trunk-3	/opt/clover-k3/clover-intelegence/dataset/trunk-3	2306:57695841
/opt/clover-k3/clover-data/root-88	/opt/clover-k3/clover-intelegence/dataset/root-88	2306:57693970
/opt/clover-k3/clover-data/trunk-10	/opt/clover-k3/clover-intelegence/dataset/trunk-10	2306:57697541
/opt/clover-k3/clover-data/trunk-7	/opt/clover-k3/clover-intelegence/dataset/trunk-7	2306:57696779
/opt/clover-k3/clover-data/root-59	/opt/clover-k3/clover-intelegence/dataset/root-59	2306:57689109
/opt/clover-k3/clover-data/root-68	/opt/clover-k3/clover-intelegence/dataset/root-68	2306:57690767
/opt/clover-k3/clover-data/trunk-11	/opt/clover-k3/clover-intelegence/dataset/trunk-11	2306:57697807
/opt/clover-k3/clover-data/root-5	/opt/clover-k3/clover-intelegence/dataset/root-5	2306:57684783
/opt/clover-k3/clover-data/trunk-80	/opt/clover-k3/clover-intelegence/dataset/trunk-80	2306:57829834
/opt/clover-k3/clover-data/trunk-39	/opt/clover-k3/clover-intelegence/dataset/trunk-39	2306:57805978
/opt/clover-k3/clover-data/trunk-74	/opt/clover-k3/clover-intelegence/dataset/trunk-74	2306:57825844
/opt/clover-k3/clover-data/root-20	/opt/clover-k3/clover-intelegence/dataset/root-20	2306:57685983
/opt/clover-k3/clover-data/trunk-87	/opt/clover-k3/clover-intelegence/dataset/trunk-87	2306:57834764
/opt/clover-k3/clover-data/trunk-69	/opt/clover-k3/clover-intelegence/dataset/trunk-69	2306:57822684
/opt/clover-k3/clover-data/trunk-29	/opt/clover-k3/clover-intelegence/dataset/trunk-29	2306:57703625
/opt/clover-k3/clover-data/root-84	/opt/clover-k3/clover-intelegence/dataset/root-84	2306:57693096
/opt/clover-k3/clover-data/trunk-40	/opt/clover-k3/clover-intelegence/dataset/trunk-40	2306:57806418
/opt/clover-k3/clover-data/root-26	/opt/clover-k3/clover-intelegence/dataset/root-26	2306:57686469
/opt/clover-k3/clover-data/root-18	/opt/clover-k3/clover-intelegence/dataset/root-18	2306:57685823
/opt/clover-k3/clover-data/trunk-34	/opt/clover-k3/clover-intelegence/dataset/trunk-34	2306:57803789
/opt/clover-k3/clover-data/root-61	/opt/clover-k3/clover-intelegence/dataset/root-61	2306:57689615
/opt/clover-k3/clover-data/root-74	/opt/clover-k3/clover-intelegence/dataset/root-74	2306:57691618
/opt/clover-k3/clover-data/trunk-35	/opt/clover-k3/clover-intelegence/dataset/trunk-35	2306:57804199
/opt/clover-k3/clover-data/root-12	/opt/clover-k3/clover-intelegence/dataset/root-12	2306:57685343
/opt/clover-k3/clover-data/trunk-52	/opt/clover-k3/clover-intelegence/dataset/trunk-52	2306:57812844
/opt/clover-k3/clover-data/root-76	/opt/clover-k3/clover-intelegence/dataset/root-76	2306:57691823
/opt/clover-k3/clover-data/root-64	/opt/clover-k3/clover-intelegence/dataset/root-64	2306:57689920
/opt/clover-k3/clover-data/trunk-85	/opt/clover-k3/clover-intelegence/dataset/trunk-85	2306:57833326
/opt/clover-k3/clover-data/trunk-47	/opt/clover-k3/clover-intelegence/dataset/trunk-47	2306:57810173
/opt/clover-k3/clover-data/trunk-64	/opt/clover-k3/clover-intelegence/dataset/trunk-64	2306:57819556
/opt/clover-k3/clover-data/root-53	/opt/clover-k3/clover-intelegence/dataset/root-53	2306:57688629
/opt/clover-k3/clover-data/trunk-67	/opt/clover-k3/clover-intelegence/dataset/trunk-67	2306:57821449
/opt/clover-k3/clover-data/root-46	/opt/clover-k3/clover-intelegence/dataset/root-46	2306:57688069
/opt/clover-k3/clover-data/root-92	/opt/clover-k3/clover-intelegence/dataset/root-92	2306:57694645
/opt/clover-k3/clover-data/trunk-43	/opt/clover-k3/clover-intelegence/dataset/trunk-43	2306:57808189
/opt/clover-k3/clover-data/root-7	/opt/clover-k3/clover-intelegence/dataset/root-7	2306:57684943
/opt/clover-k3/clover-data/root-75	/opt/clover-k3/clover-intelegence/dataset/root-75	2306:57691722
/opt/clover-k3/clover-data/root-91	/opt/clover-k3/clover-intelegence/dataset/root-91	2306:57694542
/opt/clover-k3/clover-data/trunk-61	/opt/clover-k3/clover-intelegence/dataset/trunk-61	2306:57817790
/opt/clover-k3/clover-data/root-9	/opt/clover-k3/clover-intelegence/dataset/root-9	2306:57685103
/opt/clover-k3/clover-data/trunk-17	/opt/clover-k3/clover-intelegence/dataset/trunk-17	2306:57699529
/opt/clover-k3/clover-data/root-65	/opt/clover-k3/clover-intelegence/dataset/root-65	2306:57690021
/opt/clover-k3/clover-data/root-27	/opt/clover-k3/clover-intelegence/dataset/root-27	2306:57686549
/opt/clover-k3/clover-data/root-33	/opt/clover-k3/clover-intelegence/dataset/root-33	2306:57687029
/opt/clover-k3/clover-data/root-35	/opt/clover-k3/clover-intelegence/dataset/root-35	2306:57687189
/opt/clover-k3/clover-data/trunk-4	/opt/clover-k3/clover-intelegence/dataset/trunk-4	2306:57696069
/opt/clover-k3/clover-data/trunk-24	/opt/clover-k3/clover-intelegence/dataset/trunk-24	2306:57701815
/opt/clover-k3/clover-data/root-67	/opt/clover-k3/clover-intelegence/dataset/root-67	2306:57690223
/opt/clover-k3/clover-data/trunk-1	/opt/clover-k3/clover-intelegence/dataset/trunk-1	2306:57695278
/opt/clover-k3/clover-data/root-31	/opt/clover-k3/clover-intelegence/dataset/root-31	2306:57686869
/opt/clover-k3/clover-data/trunk-56	/opt/clover-k3/clover-intelegence/dataset/trunk-56	2306:57814978
/opt/clover-k3/clover-data/trunk-28	/opt/clover-k3/clover-intelegence/dataset/trunk-28	2306:57703251
/opt/clover-k3/clover-data/trunk-70	/opt/clover-k3/clover-intelegence/dataset/trunk-70	2306:57823304
/opt/clover-k3/clover-data/root-11	/opt/clover-k3/clover-intelegence/dataset/root-11	2306:57685263
/opt/clover-k3/clover-data/root-21	/opt/clover-k3/clover-intelegence/dataset/root-21	2306:57686063
/opt/clover-k3/clover-data/root-60	/opt/clover-k3/clover-intelegence/dataset/root-60	2306:57689510
/opt/clover-k3/clover-data/trunk-81	/opt/clover-k3/clover-intelegence/dataset/trunk-81	2306:57830520
/opt/clover-k3/clover-data/root-6	/opt/clover-k3/clover-intelegence/dataset/root-6	2306:57684863
/opt/clover-k3/clover-data/root-49	/opt/clover-k3/clover-intelegence/dataset/root-49	2306:57688309
/opt/clover-k3/clover-data/root-28	/opt/clover-k3/clover-intelegence/dataset/root-28	2306:57686629
/opt/clover-k3/clover-data/trunk-83	/opt/clover-k3/clover-intelegence/dataset/trunk-83	2306:57831910
/opt/clover-k3/clover-data/root-78	/opt/clover-k3/clover-intelegence/dataset/root-78	2306:57692025
/opt/clover-k3/clover-data/trunk-18	/opt/clover-k3/clover-intelegence/dataset/trunk-18	2306:57699837
/opt/clover-k3/clover-data/root-90	/opt/clover-k3/clover-intelegence/dataset/root-90	2306:57694174
/opt/clover-k3/clover-data/trunk-68	/opt/clover-k3/clover-intelegence/dataset/trunk-68	2306:57822057
/opt/clover-k3/clover-data/trunk-20	/opt/clover-k3/clover-intelegence/dataset/trunk-20	2306:57700475
/opt/clover-k3/clover-data/trunk-57	/opt/clover-k3/clover-intelegence/dataset/trunk-57	2306:57815547
/opt/clover-k3/clover-data/root-15	/opt/clover-k3/clover-intelegence/dataset/root-15	2306:57685583
/opt/clover-k3/clover-data/root-45	/opt/clover-k3/clover-intelegence/dataset/root-45	2306:57687989
/opt/clover-k3/clover-data/trunk-59	/opt/clover-k3/clover-intelegence/dataset/trunk-59	2306:57816664
/opt/clover-k3/clover-data/root-80	/opt/clover-k3/clover-intelegence/dataset/root-80	2306:57692227
/opt/clover-k3/clover-data/trunk-58	/opt/clover-k3/clover-intelegence/dataset/trunk-58	2306:57816110
/opt/clover-k3/clover-data/root-29	/opt/clover-k3/clover-intelegence/dataset/root-29	2306:57686709
/opt/clover-k3/clover-data/trunk-23	/opt/clover-k3/clover-intelegence/dataset/trunk-23	2306:57701471
/opt/clover-k3/clover-data/trunk-45	/opt/clover-k3/clover-intelegence/dataset/trunk-45	2306:57809141
/opt/clover-k3/clover-data/trunk-48	/opt/clover-k3/clover-intelegence/dataset/trunk-48	2306:57810697
/opt/clover-k3/clover-data/root-13	/opt/clover-k3/clover-intelegence/dataset/root-13	2306:57685423
/opt/clover-k3/clover-data/root-42	/opt/clover-k3/clover-intelegence/dataset/root-42	2306:57687749
/opt/clover-k3/clover-data/trunk-13	/opt/clover-k3/clover-intelegence/dataset/trunk-13	2306:57698357
/opt/clover-k3/clover-data/trunk-26	/opt/clover-k3/clover-intelegence/dataset/trunk-26	2306:57702521
/opt/clover-k3/clover-data/trunk-37	/opt/clover-k3/clover-intelegence/dataset/trunk-37	2306:57805037
/opt/clover-k3/clover-data/root-63	/opt/clover-k3/clover-intelegence/dataset/root-63	2306:57689819
/opt/clover-k3/clover-data/root-10	/opt/clover-k3/clover-intelegence/dataset/root-10	2306:57685183
/opt/clover-k3/clover-data/trunk-19	/opt/clover-k3/clover-intelegence/dataset/trunk-19	2306:57700151
/opt/clover-k3/clover-data/root-58	/opt/clover-k3/clover-intelegence/dataset/root-58	2306:57689029
/opt/clover-k3/clover-data/trunk-16	/opt/clover-k3/clover-intelegence/dataset/trunk-16	2306:57699227
/opt/clover-k3/clover-data/trunk-6	/opt/clover-k3/clover-intelegence/dataset/trunk-6	2306:57696537
/opt/clover-k3/clover-data/root-30	/opt/clover-k3/clover-intelegence/dataset/root-30	2306:57686789
/opt/clover-k3/clover-data/root-52	/opt/clover-k3/clover-intelegence/dataset/root-52	2306:57688549
/opt/clover-k3/clover-data/root-86	/opt/clover-k3/clover-intelegence/dataset/root-86	2306:57693408
/opt/clover-k3/clover-data/trunk-46	/opt/clover-k3/clover-intelegence/dataset/trunk-46	2306:57809617
/opt/clover-k3/clover-data/root-36	/opt/clover-k3/clover-intelegence/dataset/root-36	2306:57687269
/opt/clover-k3/clover-data/root-83	/opt/clover-k3/clover-intelegence/dataset/root-83	2306:57692760
/opt/clover-k3/clover-data/root-73	/opt/clover-k3/clover-intelegence/dataset/root-73	2306:57691370
/opt/clover-k3/clover-data/root-82	/opt/clover-k3/clover-intelegence/dataset/root-82	2306:57692659
/opt/clover-k3/clover-data/trunk-15	/opt/clover-k3/clover-intelegence/dataset/trunk-15	2306:57698931
/opt/clover-k3/clover-data/root-47	/opt/clover-k3/clover-intelegence/dataset/root-47	2306:57688149
/opt/clover-k3/clover-data/trunk-49	/opt/clover-k3/clover-intelegence/dataset/trunk-49	2306:57811229
/opt/clover-k3/clover-data/trunk-51	/opt/clover-k3/clover-intelegence/dataset/trunk-51	2306:57812319
/opt/clover-k3/clover-data/trunk-41	/opt/clover-k3/clover-intelegence/dataset/trunk-41	2306:57806864
/opt/clover-k3/clover-data/root-40	/opt/clover-k3/clover-intelegence/dataset/root-40	2306:57687589
/opt/clover-k3/clover-data/root-23	/opt/clover-k3/clover-intelegence/dataset/root-23	2306:57686223
/opt/clover-k3/clover-data/root-8	/opt/clover-k3/clover-intelegence/dataset/root-8	2306:57685023
/opt/clover-k3/clover-data/trunk-55	/opt/clover-k3/clover-intelegence/dataset/trunk-55	2306:57814429
/opt/clover-k3/clover-data/root-56	/opt/clover-k3/clover-intelegence/dataset/root-56	2306:57688869
/opt/clover-k3/clover-data/trunk-25	/opt/clover-k3/clover-intelegence/dataset/trunk-25	2306:57702165
/opt/clover-k3/clover-data/trunk-72	/opt/clover-k3/clover-intelegence/dataset/trunk-72	2306:57824562
/opt/clover-k3/clover-data/root-72	/opt/clover-k3/clover-intelegence/dataset/root-72	2306:57691174
/opt/clover-k3/clover-data/trunk-53	/opt/clover-k3/clover-intelegence/dataset/trunk-53	2306:57813362
/opt/clover-k3/clover-data/trunk-22	/opt/clover-k3/clover-intelegence/dataset/trunk-22	2306:57701133
/opt/clover-k3/clover-data/root-69	/opt/clover-k3/clover-intelegence/dataset/root-69	2306:57690871
/opt/clover-k3/clover-data/trunk-2	/opt/clover-k3/clover-intelegence/dataset/trunk-2	2306:57695623
/opt/clover-k3/clover-data/trunk-79	/opt/clover-k3/clover-intelegence/dataset/trunk-79	2306:57829154
/opt/clover-k3/clover-data/trunk-77	/opt/clover-k3/clover-intelegence/dataset/trunk-77	2306:57827812
/opt/clover-k3/clover-data/root-77	/opt/clover-k3/clover-intelegence/dataset/root-77	2306:57691924
/opt/clover-k3/clover-data/trunk-91	/opt/clover-k3/clover-intelegence/dataset/trunk-91	2306:57935651
/opt/clover-k3/clover-data/root-34	/opt/clover-k3/clover-intelegence/dataset/root-34	2306:57687109
/opt/clover-k3/clover-data/trunk-12	/opt/clover-k3/clover-intelegence/dataset/trunk-12	2306:57698079
/opt/clover-k3/clover-data/root-22	/opt/clover-k3/clover-intelegence/dataset/root-22	2306:57686143
/opt/clover-k3/clover-data/trunk-30	/opt/clover-k3/clover-intelegence/dataset/trunk-30	2306:57704005
/opt/clover-k3/clover-data/root-81	/opt/clover-k3/clover-intelegence/dataset/root-81	2306:57692555
/opt/clover-k3/clover-data/root-57	/opt/clover-k3/clover-intelegence/dataset/root-57	2306:57688949
/opt/clover-k3/clover-data/leaves.json	/opt/clover-k3/clover-intelegence/dataset/leaves.json	2306:57686258
/opt/clover-k3/clover-data/trunk-71	/opt/clover-k3/clover-intelegence/dataset/trunk-71	2306:57823930
/opt/clover-k3/clover-data/root-16	/opt/clover-k3/clover-intelegence/dataset/root-16	2306:57685663
/opt/clover-k3/clover-data/trunk-31	/opt/clover-k3/clover-intelegence/dataset/trunk-31	2306:57704541
/opt/clover-k3/clover-data/trunk-8	/opt/clover-k3/clover-intelegence/dataset/trunk-8	2306:57697027
/opt/clover-k3/clover-data/root-41	/opt/clover-k3/clover-intelegence/dataset/root-41	2306:57687669
/opt/clover-k3/clover-data/root-87	/opt/clover-k3/clover-intelegence/dataset/root-87	2306:57693726
/opt/clover-k3/clover-data/root-66	/opt/clover-k3/clover-intelegence/dataset/root-66	2306:57690122
/opt/clover-k3/clover-data/root-55	/opt/clover-k3/clover-intelegence/dataset/root-55	2306:57688789
/opt/clover-k3/clover-data/root-3	/opt/clover-k3/clover-intelegence/dataset/root-3	2306:57684622
/opt/clover-k3/clover-data/trunk-62	/opt/clover-k3/clover-intelegence/dataset/trunk-62	2306:57818362
/opt/clover-k3/clover-data/trunk-63	/opt/clover-k3/clover-intelegence/dataset/trunk-63	2306:57818966
/opt/clover-k3/clover-data/root-51	/opt/clover-k3/clover-intelegence/dataset/root-51	2306:57688469
/opt/clover-k3/clover-data/root-24	/opt/clover-k3/clover-intelegence/dataset/root-24	2306:57686309
/opt/clover-k3/clover-data/root-44	/opt/clover-k3/clover-intelegence/dataset/root-44	2306:57687909
/opt/clover-k3/clover-data/root-38	/opt/clover-k3/clover-intelegence/dataset/root-38	2306:57687429
/opt/clover-k3/clover-data/trunk-36	/opt/clover-k3/clover-intelegence/dataset/trunk-36	2306:57804615
/opt/clover-k3/clover-data/root-32	/opt/clover-k3/clover-intelegence/dataset/root-32	2306:57686949
/opt/clover-k3/clover-data/trunk-65	/opt/clover-k3/clover-intelegence/dataset/trunk-65	2306:57820226
/opt/clover-k3/clover-data/trunk-78	/opt/clover-k3/clover-intelegence/dataset/trunk-78	2306:57828480
/opt/clover-k3/clover-data/trunk-92	/opt/clover-k3/clover-intelegence/dataset/trunk-92	2306:57936403
/opt/clover-k3/clover-data/root-71	/opt/clover-k3/clover-intelegence/dataset/root-71	2306:57691073
/opt/clover-k3/clover-data/trunk-9	/opt/clover-k3/clover-intelegence/dataset/trunk-9	2306:57697281
/opt/clover-k3/clover-data/trunk-66	/opt/clover-k3/clover-intelegence/dataset/trunk-66	2306:57820822
/opt/clover-k3/clover-data/trunk-42	/opt/clover-k3/clover-intelegence/dataset/trunk-42	2306:57807431
/opt/clover-k3/clover-data/trunk-38	/opt/clover-k3/clover-intelegence/dataset/trunk-38	2306:57805529
/opt/clover-k3/clover-data/root-43	/opt/clover-k3/clover-intelegence/dataset/root-43	2306:57687829
/opt/clover-k3/clover-data/trunk-14	/opt/clover-k3/clover-intelegence/dataset/trunk-14	2306:57698641
/opt/clover-k3/clover-data/root-48	/opt/clover-k3/clover-intelegence/dataset/root-48	2306:57688229
/opt/clover-k3/clover-data/root-17	/opt/clover-k3/clover-intelegence/dataset/root-17	2306:57685743
/opt/clover-k3/clover-data/trunk-33	/opt/clover-k3/clover-intelegence/dataset/trunk-33	2306:57803361
/opt/clover-k3/clover-data/trunk-32	/opt/clover-k3/clover-intelegence/dataset/trunk-32	2306:57802922
/opt/clover-k3/clover-data/trunk-27	/opt/clover-k3/clover-intelegence/dataset/trunk-27	2306:57702883
/opt/clover-k3/clover-data/trunk-0	/opt/clover-k3/clover-intelegence/dataset/trunk-0	2306:57694857
/opt/clover-k3/clover-data/trunk-82	/opt/clover-k3/clover-intelegence/dataset/trunk-82	2306:57831212
/opt/clover-k3/clover-data/trunk-60	/opt/clover-k3/clover-intelegence/dataset/trunk-60	2306:57817224
