1	STARTED
1	MOVED_AND_VERIFIED
2	STARTED
2	MOVED_AND_VERIFIED
3	STARTED
3	MOVED_AND_VERIFIED
4	STARTED
4	MOVED_AND_VERIFIED
5	STARTED
5	MOVED_AND_VERIFIED
6	STARTED
6	MOVED_AND_VERIFIED
7	STARTED
7	MOVED_AND_VERIFIED
8	STARTED
8	MOVED_AND_VERIFIED
9	STARTED
9	MOVED_AND_VERIFIED
10	STARTED
10	MOVED_AND_VERIFIED
11	STARTED
11	MOVED_AND_VERIFIED
12	STARTED
12	MOVED_AND_VERIFIED
13	STARTED
13	MOVED_AND_VERIFIED
14	STARTED
14	MOVED_AND_VERIFIED
15	STARTED
15	MOVED_AND_VERIFIED
16	STARTED
16	MOVED_AND_VERIFIED
17	STARTED
17	MOVED_AND_VERIFIED
18	STARTED
18	MOVED_AND_VERIFIED
19	STARTED
19	MOVED_AND_VERIFIED
20	STARTED
20	MOVED_AND_VERIFIED
21	STARTED
21	MOVED_AND_VERIFIED
22	STARTED
22	MOVED_AND_VERIFIED
23	STARTED
23	MOVED_AND_VERIFIED
24	STARTED
24	MOVED_AND_VERIFIED
25	STARTED
25	MOVED_AND_VERIFIED
26	STARTED
26	MOVED_AND_VERIFIED
27	STARTED
27	MOVED_AND_VERIFIED
28	STARTED
28	MOVED_AND_VERIFIED
29	STARTED
29	MOVED_AND_VERIFIED
30	STARTED
30	MOVED_AND_VERIFIED
31	STARTED
31	MOVED_AND_VERIFIED
32	STARTED
32	MOVED_AND_VERIFIED
33	STARTED
33	MOVED_AND_VERIFIED
34	STARTED
34	MOVED_AND_VERIFIED
35	STARTED
35	MOVED_AND_VERIFIED
36	STARTED
36	MOVED_AND_VERIFIED
37	STARTED
37	MOVED_AND_VERIFIED
38	STARTED
38	MOVED_AND_VERIFIED
39	STARTED
39	MOVED_AND_VERIFIED
40	STARTED
40	MOVED_AND_VERIFIED
41	STARTED
41	MOVED_AND_VERIFIED
42	STARTED
42	MOVED_AND_VERIFIED
43	STARTED
43	MOVED_AND_VERIFIED
44	STARTED
44	MOVED_AND_VERIFIED
45	STARTED
45	MOVED_AND_VERIFIED
46	STARTED
46	MOVED_AND_VERIFIED
47	STARTED
47	MOVED_AND_VERIFIED
48	STARTED
48	MOVED_AND_VERIFIED
49	STARTED
49	MOVED_AND_VERIFIED
50	STARTED
50	MOVED_AND_VERIFIED
51	STARTED
51	MOVED_AND_VERIFIED
52	STARTED
52	MOVED_AND_VERIFIED
53	STARTED
53	MOVED_AND_VERIFIED
54	STARTED
54	MOVED_AND_VERIFIED
55	STARTED
55	MOVED_AND_VERIFIED
56	STARTED
56	MOVED_AND_VERIFIED
57	STARTED
57	MOVED_AND_VERIFIED
58	STARTED
58	MOVED_AND_VERIFIED
59	STARTED
59	MOVED_AND_VERIFIED
60	STARTED
60	MOVED_AND_VERIFIED
61	STARTED
61	MOVED_AND_VERIFIED
62	STARTED
62	MOVED_AND_VERIFIED
63	STARTED
63	MOVED_AND_VERIFIED
64	STARTED
64	MOVED_AND_VERIFIED
65	STARTED
65	MOVED_AND_VERIFIED
66	STARTED
66	MOVED_AND_VERIFIED
67	STARTED
67	MOVED_AND_VERIFIED
68	STARTED
68	MOVED_AND_VERIFIED
69	STARTED
69	MOVED_AND_VERIFIED
70	STARTED
70	MOVED_AND_VERIFIED
71	STARTED
71	MOVED_AND_VERIFIED
72	STARTED
72	MOVED_AND_VERIFIED
73	STARTED
73	MOVED_AND_VERIFIED
74	STARTED
74	MOVED_AND_VERIFIED
75	STARTED
75	MOVED_AND_VERIFIED
76	STARTED
76	MOVED_AND_VERIFIED
77	STARTED
77	MOVED_AND_VERIFIED
78	STARTED
78	MOVED_AND_VERIFIED
79	STARTED
79	MOVED_AND_VERIFIED
80	STARTED
80	MOVED_AND_VERIFIED
81	STARTED
81	MOVED_AND_VERIFIED
82	STARTED
82	MOVED_AND_VERIFIED
83	STARTED
83	MOVED_AND_VERIFIED
84	STARTED
84	MOVED_AND_VERIFIED
85	STARTED
85	MOVED_AND_VERIFIED
86	STARTED
86	MOVED_AND_VERIFIED
87	STARTED
87	MOVED_AND_VERIFIED
88	STARTED
88	MOVED_AND_VERIFIED
89	STARTED
89	MOVED_AND_VERIFIED
90	STARTED
90	MOVED_AND_VERIFIED
91	STARTED
91	MOVED_AND_VERIFIED
92	STARTED
92	MOVED_AND_VERIFIED
93	STARTED
93	MOVED_AND_VERIFIED
94	STARTED
94	MOVED_AND_VERIFIED
95	STARTED
95	MOVED_AND_VERIFIED
96	STARTED
96	MOVED_AND_VERIFIED
97	STARTED
97	MOVED_AND_VERIFIED
98	STARTED
98	MOVED_AND_VERIFIED
99	STARTED
99	MOVED_AND_VERIFIED
100	STARTED
100	MOVED_AND_VERIFIED
101	STARTED
101	MOVED_AND_VERIFIED
102	STARTED
102	MOVED_AND_VERIFIED
103	STARTED
103	MOVED_AND_VERIFIED
104	STARTED
104	MOVED_AND_VERIFIED
105	STARTED
105	MOVED_AND_VERIFIED
106	STARTED
106	MOVED_AND_VERIFIED
107	STARTED
107	MOVED_AND_VERIFIED
108	STARTED
108	MOVED_AND_VERIFIED
109	STARTED
109	MOVED_AND_VERIFIED
110	STARTED
110	MOVED_AND_VERIFIED
111	STARTED
111	MOVED_AND_VERIFIED
112	STARTED
112	MOVED_AND_VERIFIED
113	STARTED
113	MOVED_AND_VERIFIED
114	STARTED
114	MOVED_AND_VERIFIED
115	STARTED
115	MOVED_AND_VERIFIED
116	STARTED
116	MOVED_AND_VERIFIED
117	STARTED
117	MOVED_AND_VERIFIED
118	STARTED
118	MOVED_AND_VERIFIED
119	STARTED
119	MOVED_AND_VERIFIED
120	STARTED
120	MOVED_AND_VERIFIED
121	STARTED
121	MOVED_AND_VERIFIED
122	STARTED
122	MOVED_AND_VERIFIED
123	STARTED
123	MOVED_AND_VERIFIED
124	STARTED
124	MOVED_AND_VERIFIED
125	STARTED
125	MOVED_AND_VERIFIED
126	STARTED
126	MOVED_AND_VERIFIED
127	STARTED
127	MOVED_AND_VERIFIED
128	STARTED
128	MOVED_AND_VERIFIED
129	STARTED
129	MOVED_AND_VERIFIED
130	STARTED
130	MOVED_AND_VERIFIED
131	STARTED
131	MOVED_AND_VERIFIED
132	STARTED
132	MOVED_AND_VERIFIED
133	STARTED
133	MOVED_AND_VERIFIED
134	STARTED
134	MOVED_AND_VERIFIED
135	STARTED
135	MOVED_AND_VERIFIED
136	STARTED
136	MOVED_AND_VERIFIED
137	STARTED
137	MOVED_AND_VERIFIED
138	STARTED
138	MOVED_AND_VERIFIED
139	STARTED
139	MOVED_AND_VERIFIED
140	STARTED
140	MOVED_AND_VERIFIED
141	STARTED
141	MOVED_AND_VERIFIED
142	STARTED
142	MOVED_AND_VERIFIED
143	STARTED
143	MOVED_AND_VERIFIED
144	STARTED
144	MOVED_AND_VERIFIED
145	STARTED
145	MOVED_AND_VERIFIED
146	STARTED
146	MOVED_AND_VERIFIED
147	STARTED
147	MOVED_AND_VERIFIED
148	STARTED
148	MOVED_AND_VERIFIED
149	STARTED
149	MOVED_AND_VERIFIED
150	STARTED
150	MOVED_AND_VERIFIED
151	STARTED
151	MOVED_AND_VERIFIED
152	STARTED
152	MOVED_AND_VERIFIED
153	STARTED
153	MOVED_AND_VERIFIED
154	STARTED
154	MOVED_AND_VERIFIED
155	STARTED
155	MOVED_AND_VERIFIED
156	STARTED
156	MOVED_AND_VERIFIED
157	STARTED
157	MOVED_AND_VERIFIED
158	STARTED
158	MOVED_AND_VERIFIED
159	STARTED
159	MOVED_AND_VERIFIED
160	STARTED
160	MOVED_AND_VERIFIED
161	STARTED
161	MOVED_AND_VERIFIED
162	STARTED
162	MOVED_AND_VERIFIED
163	STARTED
163	MOVED_AND_VERIFIED
164	STARTED
164	MOVED_AND_VERIFIED
165	STARTED
165	MOVED_AND_VERIFIED
166	STARTED
166	MOVED_AND_VERIFIED
167	STARTED
167	MOVED_AND_VERIFIED
168	STARTED
168	MOVED_AND_VERIFIED
169	STARTED
169	MOVED_AND_VERIFIED
170	STARTED
170	MOVED_AND_VERIFIED
171	STARTED
171	MOVED_AND_VERIFIED
172	STARTED
172	MOVED_AND_VERIFIED
173	STARTED
173	MOVED_AND_VERIFIED
174	STARTED
174	MOVED_AND_VERIFIED
175	STARTED
175	MOVED_AND_VERIFIED
176	STARTED
176	MOVED_AND_VERIFIED
177	STARTED
177	MOVED_AND_VERIFIED
178	STARTED
178	MOVED_AND_VERIFIED
179	STARTED
179	MOVED_AND_VERIFIED
180	STARTED
180	MOVED_AND_VERIFIED
181	STARTED
181	MOVED_AND_VERIFIED
182	STARTED
182	MOVED_AND_VERIFIED
183	STARTED
183	MOVED_AND_VERIFIED
184	STARTED
184	MOVED_AND_VERIFIED
185	STARTED
185	MOVED_AND_VERIFIED
186	STARTED
186	MOVED_AND_VERIFIED
187	STARTED
187	MOVED_AND_VERIFIED
188	STARTED
188	MOVED_AND_VERIFIED
189	STARTED
189	MOVED_AND_VERIFIED
190	STARTED
190	MOVED_AND_VERIFIED
191	STARTED
191	MOVED_AND_VERIFIED
192	STARTED
192	MOVED_AND_VERIFIED
193	STARTED
193	MOVED_AND_VERIFIED
194	STARTED
194	MOVED_AND_VERIFIED
195	STARTED
195	MOVED_AND_VERIFIED
196	STARTED
196	MOVED_AND_VERIFIED
197	STARTED
197	MOVED_AND_VERIFIED
198	STARTED
198	MOVED_AND_VERIFIED
199	STARTED
199	MOVED_AND_VERIFIED
200	STARTED
200	MOVED_AND_VERIFIED
201	STARTED
201	MOVED_AND_VERIFIED
202	STARTED
202	MOVED_AND_VERIFIED
203	STARTED
203	MOVED_AND_VERIFIED
204	STARTED
204	MOVED_AND_VERIFIED
205	STARTED
205	MOVED_AND_VERIFIED
206	STARTED
206	MOVED_AND_VERIFIED
207	STARTED
207	MOVED_AND_VERIFIED
208	STARTED
208	MOVED_AND_VERIFIED
209	STARTED
209	MOVED_AND_VERIFIED
210	STARTED
210	MOVED_AND_VERIFIED
211	STARTED
211	MOVED_AND_VERIFIED
212	STARTED
212	MOVED_AND_VERIFIED
213	STARTED
213	MOVED_AND_VERIFIED
214	STARTED
214	MOVED_AND_VERIFIED
215	STARTED
215	MOVED_AND_VERIFIED
216	STARTED
216	MOVED_AND_VERIFIED
217	STARTED
217	MOVED_AND_VERIFIED
218	STARTED
218	MOVED_AND_VERIFIED
219	STARTED
219	MOVED_AND_VERIFIED
220	STARTED
220	MOVED_AND_VERIFIED
221	STARTED
221	MOVED_AND_VERIFIED
222	STARTED
222	MOVED_AND_VERIFIED
223	STARTED
223	MOVED_AND_VERIFIED
224	STARTED
224	MOVED_AND_VERIFIED
225	STARTED
225	MOVED_AND_VERIFIED
226	STARTED
226	MOVED_AND_VERIFIED
227	STARTED
227	MOVED_AND_VERIFIED
228	STARTED
228	MOVED_AND_VERIFIED
229	STARTED
229	MOVED_AND_VERIFIED
230	STARTED
230	MOVED_AND_VERIFIED
231	STARTED
231	MOVED_AND_VERIFIED
232	STARTED
232	MOVED_AND_VERIFIED
233	STARTED
233	MOVED_AND_VERIFIED
234	STARTED
234	MOVED_AND_VERIFIED
235	STARTED
235	MOVED_AND_VERIFIED
236	STARTED
236	MOVED_AND_VERIFIED
237	STARTED
237	MOVED_AND_VERIFIED
238	STARTED
238	MOVED_AND_VERIFIED
239	STARTED
239	MOVED_AND_VERIFIED
240	STARTED
240	MOVED_AND_VERIFIED
241	STARTED
241	MOVED_AND_VERIFIED
242	STARTED
242	MOVED_AND_VERIFIED
243	STARTED
243	MOVED_AND_VERIFIED
244	STARTED
244	MOVED_AND_VERIFIED
245	STARTED
245	MOVED_AND_VERIFIED
246	STARTED
246	MOVED_AND_VERIFIED
247	STARTED
247	MOVED_AND_VERIFIED
248	STARTED
248	MOVED_AND_VERIFIED
249	STARTED
249	MOVED_AND_VERIFIED
250	STARTED
250	MOVED_AND_VERIFIED
251	STARTED
251	MOVED_AND_VERIFIED
252	STARTED
252	MOVED_AND_VERIFIED
253	STARTED
253	MOVED_AND_VERIFIED
254	STARTED
254	MOVED_AND_VERIFIED
255	STARTED
255	MOVED_AND_VERIFIED
256	STARTED
256	MOVED_AND_VERIFIED
257	STARTED
257	MOVED_AND_VERIFIED
258	STARTED
258	MOVED_AND_VERIFIED
259	STARTED
259	MOVED_AND_VERIFIED
260	STARTED
260	MOVED_AND_VERIFIED
261	STARTED
261	MOVED_AND_VERIFIED
262	STARTED
262	MOVED_AND_VERIFIED
263	STARTED
263	MOVED_AND_VERIFIED
264	STARTED
264	MOVED_AND_VERIFIED
265	STARTED
265	MOVED_AND_VERIFIED
266	STARTED
266	MOVED_AND_VERIFIED
267	STARTED
267	MOVED_AND_VERIFIED
268	STARTED
268	MOVED_AND_VERIFIED
269	STARTED
269	MOVED_AND_VERIFIED
270	STARTED
270	MOVED_AND_VERIFIED
271	STARTED
271	MOVED_AND_VERIFIED
272	STARTED
272	MOVED_AND_VERIFIED
273	STARTED
273	MOVED_AND_VERIFIED
274	STARTED
274	MOVED_AND_VERIFIED
275	STARTED
275	MOVED_AND_VERIFIED
276	STARTED
276	MOVED_AND_VERIFIED
277	STARTED
277	MOVED_AND_VERIFIED
278	STARTED
278	MOVED_AND_VERIFIED
279	STARTED
279	MOVED_AND_VERIFIED
280	STARTED
280	MOVED_AND_VERIFIED
281	STARTED
281	MOVED_AND_VERIFIED
282	STARTED
282	MOVED_AND_VERIFIED
283	STARTED
283	MOVED_AND_VERIFIED
