1	normalization	normalization/leaves.json	leaves.json	/opt/clover-k3/clover-intelegence/dataset/normalization/leaves.json
2	client	client/inputs	inputs	-
3	client	client/outputs	outputs	-
4	client	client/tiktoken.model	tiktoken.model	-
5	client	client/vocabulary.bin	vocabulary.bin	-
6	server	server/trunk-0	trunk-0	/opt/clover-k3/clover-intelegence/dataset/server/trunk-0
7	server	server/trunk-0-qkv	operators/trunk-0-qkv	/opt/clover-k3/clover-intelegence/dataset/server/trunk-0-qkv
8	tansformers/transformer-1	tansformers/transformer-1/trunk-1	trunk-1	/opt/clover-k3/clover-intelegence/dataset/tansformers/transformer-1/trunk-1
9	tansformers/transformer-1	tansformers/transformer-1/root-1	root-1	/opt/clover-k3/clover-intelegence/dataset/tansformers/transformer-1/root-1
10	tansformers/transformer-1	tansformers/transformer-1/operators/qkv-all/layer-1	operators/qkv-all/layer-1	/opt/clover-k3/clover-intelegence/dataset/tansformers/transformer-1/operators/qkv-all/layer-1
11	tansformers/transformer-2	tansformers/transformer-2/trunk-2	trunk-2	/opt/clover-k3/clover-intelegence/dataset/tansformers/transformer-2/trunk-2
12	tansformers/transformer-2	tansformers/transformer-2/root-2	root-2	/opt/clover-k3/clover-intelegence/dataset/tansformers/transformer-2/root-2
13	tansformers/transformer-2	tansformers/transformer-2/operators/qkv-all/layer-2	operators/qkv-all/layer-2	/opt/clover-k3/clover-intelegence/dataset/tansformers/transformer-2/operators/qkv-all/layer-2
14	tansformers/transformer-3	tansformers/transformer-3/trunk-3	trunk-3	/opt/clover-k3/clover-intelegence/dataset/tansformers/transformer-3/trunk-3
15	tansformers/transformer-3	tansformers/transformer-3/root-3	root-3	/opt/clover-k3/clover-intelegence/dataset/tansformers/transformer-3/root-3
16	tansformers/transformer-3	tansformers/transformer-3/operators/qkv-all/layer-3	operators/qkv-all/layer-3	/opt/clover-k3/clover-intelegence/dataset/tansformers/transformer-3/operators/qkv-all/layer-3
17	tansformers/transformer-4	tansformers/transformer-4/trunk-4	trunk-4	/opt/clover-k3/clover-intelegence/dataset/tansformers/transformer-4/trunk-4
18	tansformers/transformer-4	tansformers/transformer-4/root-4	root-4	/opt/clover-k3/clover-intelegence/dataset/tansformers/transformer-4/root-4
19	tansformers/transformer-4	tansformers/transformer-4/operators/qkv-all/layer-4	operators/qkv-all/layer-4	/opt/clover-k3/clover-intelegence/dataset/tansformers/transformer-4/operators/qkv-all/layer-4
20	tansformers/transformer-5	tansformers/transformer-5/trunk-5	trunk-5	/opt/clover-k3/clover-intelegence/dataset/tansformers/transformer-5/trunk-5
21	tansformers/transformer-5	tansformers/transformer-5/root-5	root-5	/opt/clover-k3/clover-intelegence/dataset/tansformers/transformer-5/root-5
22	tansformers/transformer-5	tansformers/transformer-5/operators/qkv-all/layer-5	operators/qkv-all/layer-5	/opt/clover-k3/clover-intelegence/dataset/tansformers/transformer-5/operators/qkv-all/layer-5
23	tansformers/transformer-6	tansformers/transformer-6/trunk-6	trunk-6	/opt/clover-k3/clover-intelegence/dataset/tansformers/transformer-6/trunk-6
24	tansformers/transformer-6	tansformers/transformer-6/root-6	root-6	/opt/clover-k3/clover-intelegence/dataset/tansformers/transformer-6/root-6
25	tansformers/transformer-6	tansformers/transformer-6/operators/qkv-all/layer-6	operators/qkv-all/layer-6	/opt/clover-k3/clover-intelegence/dataset/tansformers/transformer-6/operators/qkv-all/layer-6
26	tansformers/transformer-7	tansformers/transformer-7/trunk-7	trunk-7	/opt/clover-k3/clover-intelegence/dataset/tansformers/transformer-7/trunk-7
27	tansformers/transformer-7	tansformers/transformer-7/root-7	root-7	/opt/clover-k3/clover-intelegence/dataset/tansformers/transformer-7/root-7
28	tansformers/transformer-7	tansformers/transformer-7/operators/qkv-all/layer-7	operators/qkv-all/layer-7	/opt/clover-k3/clover-intelegence/dataset/tansformers/transformer-7/operators/qkv-all/layer-7
29	tansformers/transformer-8	tansformers/transformer-8/trunk-8	trunk-8	/opt/clover-k3/clover-intelegence/dataset/tansformers/transformer-8/trunk-8
30	tansformers/transformer-8	tansformers/transformer-8/root-8	root-8	/opt/clover-k3/clover-intelegence/dataset/tansformers/transformer-8/root-8
31	tansformers/transformer-8	tansformers/transformer-8/operators/qkv-all/layer-8	operators/qkv-all/layer-8	/opt/clover-k3/clover-intelegence/dataset/tansformers/transformer-8/operators/qkv-all/layer-8
32	tansformers/transformer-9	tansformers/transformer-9/trunk-9	trunk-9	/opt/clover-k3/clover-intelegence/dataset/tansformers/transformer-9/trunk-9
33	tansformers/transformer-9	tansformers/transformer-9/root-9	root-9	/opt/clover-k3/clover-intelegence/dataset/tansformers/transformer-9/root-9
34	tansformers/transformer-9	tansformers/transformer-9/operators/qkv-all/layer-9	operators/qkv-all/layer-9	/opt/clover-k3/clover-intelegence/dataset/tansformers/transformer-9/operators/qkv-all/layer-9
35	tansformers/transformer-10	tansformers/transformer-10/trunk-10	trunk-10	/opt/clover-k3/clover-intelegence/dataset/tansformers/transformer-10/trunk-10
36	tansformers/transformer-10	tansformers/transformer-10/root-10	root-10	/opt/clover-k3/clover-intelegence/dataset/tansformers/transformer-10/root-10
37	tansformers/transformer-10	tansformers/transformer-10/operators/qkv-all/layer-10	operators/qkv-all/layer-10	/opt/clover-k3/clover-intelegence/dataset/tansformers/transformer-10/operators/qkv-all/layer-10
38	tansformers/transformer-11	tansformers/transformer-11/trunk-11	trunk-11	/opt/clover-k3/clover-intelegence/dataset/tansformers/transformer-11/trunk-11
39	tansformers/transformer-11	tansformers/transformer-11/root-11	root-11	/opt/clover-k3/clover-intelegence/dataset/tansformers/transformer-11/root-11
40	tansformers/transformer-11	tansformers/transformer-11/operators/qkv-all/layer-11	operators/qkv-all/layer-11	/opt/clover-k3/clover-intelegence/dataset/tansformers/transformer-11/operators/qkv-all/layer-11
41	tansformers/transformer-12	tansformers/transformer-12/trunk-12	trunk-12	/opt/clover-k3/clover-intelegence/dataset/tansformers/transformer-12/trunk-12
42	tansformers/transformer-12	tansformers/transformer-12/root-12	root-12	/opt/clover-k3/clover-intelegence/dataset/tansformers/transformer-12/root-12
43	tansformers/transformer-12	tansformers/transformer-12/operators/qkv-all/layer-12	operators/qkv-all/layer-12	/opt/clover-k3/clover-intelegence/dataset/tansformers/transformer-12/operators/qkv-all/layer-12
44	tansformers/transformer-13	tansformers/transformer-13/trunk-13	trunk-13	/opt/clover-k3/clover-intelegence/dataset/tansformers/transformer-13/trunk-13
45	tansformers/transformer-13	tansformers/transformer-13/root-13	root-13	/opt/clover-k3/clover-intelegence/dataset/tansformers/transformer-13/root-13
46	tansformers/transformer-13	tansformers/transformer-13/operators/qkv-all/layer-13	operators/qkv-all/layer-13	/opt/clover-k3/clover-intelegence/dataset/tansformers/transformer-13/operators/qkv-all/layer-13
47	tansformers/transformer-14	tansformers/transformer-14/trunk-14	trunk-14	/opt/clover-k3/clover-intelegence/dataset/tansformers/transformer-14/trunk-14
48	tansformers/transformer-14	tansformers/transformer-14/root-14	root-14	/opt/clover-k3/clover-intelegence/dataset/tansformers/transformer-14/root-14
49	tansformers/transformer-14	tansformers/transformer-14/operators/qkv-all/layer-14	operators/qkv-all/layer-14	/opt/clover-k3/clover-intelegence/dataset/tansformers/transformer-14/operators/qkv-all/layer-14
50	tansformers/transformer-15	tansformers/transformer-15/trunk-15	trunk-15	/opt/clover-k3/clover-intelegence/dataset/tansformers/transformer-15/trunk-15
51	tansformers/transformer-15	tansformers/transformer-15/root-15	root-15	/opt/clover-k3/clover-intelegence/dataset/tansformers/transformer-15/root-15
52	tansformers/transformer-15	tansformers/transformer-15/operators/qkv-all/layer-15	operators/qkv-all/layer-15	/opt/clover-k3/clover-intelegence/dataset/tansformers/transformer-15/operators/qkv-all/layer-15
53	tansformers/transformer-16	tansformers/transformer-16/trunk-16	trunk-16	/opt/clover-k3/clover-intelegence/dataset/tansformers/transformer-16/trunk-16
54	tansformers/transformer-16	tansformers/transformer-16/root-16	root-16	/opt/clover-k3/clover-intelegence/dataset/tansformers/transformer-16/root-16
55	tansformers/transformer-16	tansformers/transformer-16/operators/qkv-all/layer-16	operators/qkv-all/layer-16	/opt/clover-k3/clover-intelegence/dataset/tansformers/transformer-16/operators/qkv-all/layer-16
56	tansformers/transformer-17	tansformers/transformer-17/trunk-17	trunk-17	/opt/clover-k3/clover-intelegence/dataset/tansformers/transformer-17/trunk-17
57	tansformers/transformer-17	tansformers/transformer-17/root-17	root-17	/opt/clover-k3/clover-intelegence/dataset/tansformers/transformer-17/root-17
58	tansformers/transformer-17	tansformers/transformer-17/operators/qkv-all/layer-17	operators/qkv-all/layer-17	/opt/clover-k3/clover-intelegence/dataset/tansformers/transformer-17/operators/qkv-all/layer-17
59	tansformers/transformer-18	tansformers/transformer-18/trunk-18	trunk-18	/opt/clover-k3/clover-intelegence/dataset/tansformers/transformer-18/trunk-18
60	tansformers/transformer-18	tansformers/transformer-18/root-18	root-18	/opt/clover-k3/clover-intelegence/dataset/tansformers/transformer-18/root-18
61	tansformers/transformer-18	tansformers/transformer-18/operators/qkv-all/layer-18	operators/qkv-all/layer-18	/opt/clover-k3/clover-intelegence/dataset/tansformers/transformer-18/operators/qkv-all/layer-18
62	tansformers/transformer-19	tansformers/transformer-19/trunk-19	trunk-19	/opt/clover-k3/clover-intelegence/dataset/tansformers/transformer-19/trunk-19
63	tansformers/transformer-19	tansformers/transformer-19/root-19	root-19	/opt/clover-k3/clover-intelegence/dataset/tansformers/transformer-19/root-19
64	tansformers/transformer-19	tansformers/transformer-19/operators/qkv-all/layer-19	operators/qkv-all/layer-19	/opt/clover-k3/clover-intelegence/dataset/tansformers/transformer-19/operators/qkv-all/layer-19
65	tansformers/transformer-20	tansformers/transformer-20/trunk-20	trunk-20	/opt/clover-k3/clover-intelegence/dataset/tansformers/transformer-20/trunk-20
66	tansformers/transformer-20	tansformers/transformer-20/root-20	root-20	/opt/clover-k3/clover-intelegence/dataset/tansformers/transformer-20/root-20
67	tansformers/transformer-20	tansformers/transformer-20/operators/qkv-all/layer-20	operators/qkv-all/layer-20	/opt/clover-k3/clover-intelegence/dataset/tansformers/transformer-20/operators/qkv-all/layer-20
68	tansformers/transformer-21	tansformers/transformer-21/trunk-21	trunk-21	/opt/clover-k3/clover-intelegence/dataset/tansformers/transformer-21/trunk-21
69	tansformers/transformer-21	tansformers/transformer-21/root-21	root-21	/opt/clover-k3/clover-intelegence/dataset/tansformers/transformer-21/root-21
70	tansformers/transformer-21	tansformers/transformer-21/operators/qkv-all/layer-21	operators/qkv-all/layer-21	/opt/clover-k3/clover-intelegence/dataset/tansformers/transformer-21/operators/qkv-all/layer-21
71	tansformers/transformer-22	tansformers/transformer-22/trunk-22	trunk-22	/opt/clover-k3/clover-intelegence/dataset/tansformers/transformer-22/trunk-22
72	tansformers/transformer-22	tansformers/transformer-22/root-22	root-22	/opt/clover-k3/clover-intelegence/dataset/tansformers/transformer-22/root-22
73	tansformers/transformer-22	tansformers/transformer-22/operators/qkv-all/layer-22	operators/qkv-all/layer-22	/opt/clover-k3/clover-intelegence/dataset/tansformers/transformer-22/operators/qkv-all/layer-22
74	tansformers/transformer-23	tansformers/transformer-23/trunk-23	trunk-23	/opt/clover-k3/clover-intelegence/dataset/tansformers/transformer-23/trunk-23
75	tansformers/transformer-23	tansformers/transformer-23/root-23	root-23	/opt/clover-k3/clover-intelegence/dataset/tansformers/transformer-23/root-23
76	tansformers/transformer-23	tansformers/transformer-23/operators/qkv-all/layer-23	operators/qkv-all/layer-23	/opt/clover-k3/clover-intelegence/dataset/tansformers/transformer-23/operators/qkv-all/layer-23
77	tansformers/transformer-24	tansformers/transformer-24/trunk-24	trunk-24	/opt/clover-k3/clover-intelegence/dataset/tansformers/transformer-24/trunk-24
78	tansformers/transformer-24	tansformers/transformer-24/root-24	root-24	/opt/clover-k3/clover-intelegence/dataset/tansformers/transformer-24/root-24
79	tansformers/transformer-24	tansformers/transformer-24/operators/qkv-all/layer-24	operators/qkv-all/layer-24	/opt/clover-k3/clover-intelegence/dataset/tansformers/transformer-24/operators/qkv-all/layer-24
80	tansformers/transformer-25	tansformers/transformer-25/trunk-25	trunk-25	/opt/clover-k3/clover-intelegence/dataset/tansformers/transformer-25/trunk-25
81	tansformers/transformer-25	tansformers/transformer-25/root-25	root-25	/opt/clover-k3/clover-intelegence/dataset/tansformers/transformer-25/root-25
82	tansformers/transformer-25	tansformers/transformer-25/operators/qkv-all/layer-25	operators/qkv-all/layer-25	/opt/clover-k3/clover-intelegence/dataset/tansformers/transformer-25/operators/qkv-all/layer-25
83	tansformers/transformer-26	tansformers/transformer-26/trunk-26	trunk-26	/opt/clover-k3/clover-intelegence/dataset/tansformers/transformer-26/trunk-26
84	tansformers/transformer-26	tansformers/transformer-26/root-26	root-26	/opt/clover-k3/clover-intelegence/dataset/tansformers/transformer-26/root-26
85	tansformers/transformer-26	tansformers/transformer-26/operators/qkv-all/layer-26	operators/qkv-all/layer-26	/opt/clover-k3/clover-intelegence/dataset/tansformers/transformer-26/operators/qkv-all/layer-26
86	tansformers/transformer-27	tansformers/transformer-27/trunk-27	trunk-27	/opt/clover-k3/clover-intelegence/dataset/tansformers/transformer-27/trunk-27
87	tansformers/transformer-27	tansformers/transformer-27/root-27	root-27	/opt/clover-k3/clover-intelegence/dataset/tansformers/transformer-27/root-27
88	tansformers/transformer-27	tansformers/transformer-27/operators/qkv-all/layer-27	operators/qkv-all/layer-27	/opt/clover-k3/clover-intelegence/dataset/tansformers/transformer-27/operators/qkv-all/layer-27
89	tansformers/transformer-28	tansformers/transformer-28/trunk-28	trunk-28	/opt/clover-k3/clover-intelegence/dataset/tansformers/transformer-28/trunk-28
90	tansformers/transformer-28	tansformers/transformer-28/root-28	root-28	/opt/clover-k3/clover-intelegence/dataset/tansformers/transformer-28/root-28
91	tansformers/transformer-28	tansformers/transformer-28/operators/qkv-all/layer-28	operators/qkv-all/layer-28	/opt/clover-k3/clover-intelegence/dataset/tansformers/transformer-28/operators/qkv-all/layer-28
92	tansformers/transformer-29	tansformers/transformer-29/trunk-29	trunk-29	/opt/clover-k3/clover-intelegence/dataset/tansformers/transformer-29/trunk-29
93	tansformers/transformer-29	tansformers/transformer-29/root-29	root-29	/opt/clover-k3/clover-intelegence/dataset/tansformers/transformer-29/root-29
94	tansformers/transformer-29	tansformers/transformer-29/operators/qkv-all/layer-29	operators/qkv-all/layer-29	/opt/clover-k3/clover-intelegence/dataset/tansformers/transformer-29/operators/qkv-all/layer-29
95	tansformers/transformer-30	tansformers/transformer-30/trunk-30	trunk-30	/opt/clover-k3/clover-intelegence/dataset/tansformers/transformer-30/trunk-30
96	tansformers/transformer-30	tansformers/transformer-30/root-30	root-30	/opt/clover-k3/clover-intelegence/dataset/tansformers/transformer-30/root-30
97	tansformers/transformer-30	tansformers/transformer-30/operators/qkv-all/layer-30	operators/qkv-all/layer-30	/opt/clover-k3/clover-intelegence/dataset/tansformers/transformer-30/operators/qkv-all/layer-30
98	tansformers/transformer-31	tansformers/transformer-31/trunk-31	trunk-31	/opt/clover-k3/clover-intelegence/dataset/tansformers/transformer-31/trunk-31
99	tansformers/transformer-31	tansformers/transformer-31/root-31	root-31	/opt/clover-k3/clover-intelegence/dataset/tansformers/transformer-31/root-31
100	tansformers/transformer-31	tansformers/transformer-31/operators/qkv-all/layer-31	operators/qkv-all/layer-31	/opt/clover-k3/clover-intelegence/dataset/tansformers/transformer-31/operators/qkv-all/layer-31
101	tansformers/transformer-32	tansformers/transformer-32/trunk-32	trunk-32	/opt/clover-k3/clover-intelegence/dataset/tansformers/transformer-32/trunk-32
102	tansformers/transformer-32	tansformers/transformer-32/root-32	root-32	/opt/clover-k3/clover-intelegence/dataset/tansformers/transformer-32/root-32
103	tansformers/transformer-32	tansformers/transformer-32/operators/qkv-all/layer-32	operators/qkv-all/layer-32	/opt/clover-k3/clover-intelegence/dataset/tansformers/transformer-32/operators/qkv-all/layer-32
104	tansformers/transformer-33	tansformers/transformer-33/trunk-33	trunk-33	/opt/clover-k3/clover-intelegence/dataset/tansformers/transformer-33/trunk-33
105	tansformers/transformer-33	tansformers/transformer-33/root-33	root-33	/opt/clover-k3/clover-intelegence/dataset/tansformers/transformer-33/root-33
106	tansformers/transformer-33	tansformers/transformer-33/operators/qkv-all/layer-33	operators/qkv-all/layer-33	/opt/clover-k3/clover-intelegence/dataset/tansformers/transformer-33/operators/qkv-all/layer-33
107	tansformers/transformer-34	tansformers/transformer-34/trunk-34	trunk-34	/opt/clover-k3/clover-intelegence/dataset/tansformers/transformer-34/trunk-34
108	tansformers/transformer-34	tansformers/transformer-34/root-34	root-34	/opt/clover-k3/clover-intelegence/dataset/tansformers/transformer-34/root-34
109	tansformers/transformer-34	tansformers/transformer-34/operators/qkv-all/layer-34	operators/qkv-all/layer-34	/opt/clover-k3/clover-intelegence/dataset/tansformers/transformer-34/operators/qkv-all/layer-34
110	tansformers/transformer-35	tansformers/transformer-35/trunk-35	trunk-35	/opt/clover-k3/clover-intelegence/dataset/tansformers/transformer-35/trunk-35
111	tansformers/transformer-35	tansformers/transformer-35/root-35	root-35	/opt/clover-k3/clover-intelegence/dataset/tansformers/transformer-35/root-35
112	tansformers/transformer-35	tansformers/transformer-35/operators/qkv-all/layer-35	operators/qkv-all/layer-35	/opt/clover-k3/clover-intelegence/dataset/tansformers/transformer-35/operators/qkv-all/layer-35
113	tansformers/transformer-36	tansformers/transformer-36/trunk-36	trunk-36	/opt/clover-k3/clover-intelegence/dataset/tansformers/transformer-36/trunk-36
114	tansformers/transformer-36	tansformers/transformer-36/root-36	root-36	/opt/clover-k3/clover-intelegence/dataset/tansformers/transformer-36/root-36
115	tansformers/transformer-36	tansformers/transformer-36/operators/qkv-all/layer-36	operators/qkv-all/layer-36	/opt/clover-k3/clover-intelegence/dataset/tansformers/transformer-36/operators/qkv-all/layer-36
116	tansformers/transformer-37	tansformers/transformer-37/trunk-37	trunk-37	/opt/clover-k3/clover-intelegence/dataset/tansformers/transformer-37/trunk-37
117	tansformers/transformer-37	tansformers/transformer-37/root-37	root-37	/opt/clover-k3/clover-intelegence/dataset/tansformers/transformer-37/root-37
118	tansformers/transformer-37	tansformers/transformer-37/operators/qkv-all/layer-37	operators/qkv-all/layer-37	/opt/clover-k3/clover-intelegence/dataset/tansformers/transformer-37/operators/qkv-all/layer-37
119	tansformers/transformer-38	tansformers/transformer-38/trunk-38	trunk-38	/opt/clover-k3/clover-intelegence/dataset/tansformers/transformer-38/trunk-38
120	tansformers/transformer-38	tansformers/transformer-38/root-38	root-38	/opt/clover-k3/clover-intelegence/dataset/tansformers/transformer-38/root-38
121	tansformers/transformer-38	tansformers/transformer-38/operators/qkv-all/layer-38	operators/qkv-all/layer-38	/opt/clover-k3/clover-intelegence/dataset/tansformers/transformer-38/operators/qkv-all/layer-38
122	tansformers/transformer-39	tansformers/transformer-39/trunk-39	trunk-39	/opt/clover-k3/clover-intelegence/dataset/tansformers/transformer-39/trunk-39
123	tansformers/transformer-39	tansformers/transformer-39/root-39	root-39	/opt/clover-k3/clover-intelegence/dataset/tansformers/transformer-39/root-39
124	tansformers/transformer-39	tansformers/transformer-39/operators/qkv-all/layer-39	operators/qkv-all/layer-39	/opt/clover-k3/clover-intelegence/dataset/tansformers/transformer-39/operators/qkv-all/layer-39
125	tansformers/transformer-40	tansformers/transformer-40/trunk-40	trunk-40	/opt/clover-k3/clover-intelegence/dataset/tansformers/transformer-40/trunk-40
126	tansformers/transformer-40	tansformers/transformer-40/root-40	root-40	/opt/clover-k3/clover-intelegence/dataset/tansformers/transformer-40/root-40
127	tansformers/transformer-40	tansformers/transformer-40/operators/qkv-all/layer-40	operators/qkv-all/layer-40	/opt/clover-k3/clover-intelegence/dataset/tansformers/transformer-40/operators/qkv-all/layer-40
128	tansformers/transformer-41	tansformers/transformer-41/trunk-41	trunk-41	/opt/clover-k3/clover-intelegence/dataset/tansformers/transformer-41/trunk-41
129	tansformers/transformer-41	tansformers/transformer-41/root-41	root-41	/opt/clover-k3/clover-intelegence/dataset/tansformers/transformer-41/root-41
130	tansformers/transformer-41	tansformers/transformer-41/operators/qkv-all/layer-41	operators/qkv-all/layer-41	/opt/clover-k3/clover-intelegence/dataset/tansformers/transformer-41/operators/qkv-all/layer-41
131	tansformers/transformer-42	tansformers/transformer-42/trunk-42	trunk-42	/opt/clover-k3/clover-intelegence/dataset/tansformers/transformer-42/trunk-42
132	tansformers/transformer-42	tansformers/transformer-42/root-42	root-42	/opt/clover-k3/clover-intelegence/dataset/tansformers/transformer-42/root-42
133	tansformers/transformer-42	tansformers/transformer-42/operators/qkv-all/layer-42	operators/qkv-all/layer-42	/opt/clover-k3/clover-intelegence/dataset/tansformers/transformer-42/operators/qkv-all/layer-42
134	tansformers/transformer-43	tansformers/transformer-43/trunk-43	trunk-43	/opt/clover-k3/clover-intelegence/dataset/tansformers/transformer-43/trunk-43
135	tansformers/transformer-43	tansformers/transformer-43/root-43	root-43	/opt/clover-k3/clover-intelegence/dataset/tansformers/transformer-43/root-43
136	tansformers/transformer-43	tansformers/transformer-43/operators/qkv-all/layer-43	operators/qkv-all/layer-43	/opt/clover-k3/clover-intelegence/dataset/tansformers/transformer-43/operators/qkv-all/layer-43
137	tansformers/transformer-44	tansformers/transformer-44/trunk-44	trunk-44	/opt/clover-k3/clover-intelegence/dataset/tansformers/transformer-44/trunk-44
138	tansformers/transformer-44	tansformers/transformer-44/root-44	root-44	/opt/clover-k3/clover-intelegence/dataset/tansformers/transformer-44/root-44
139	tansformers/transformer-44	tansformers/transformer-44/operators/qkv-all/layer-44	operators/qkv-all/layer-44	/opt/clover-k3/clover-intelegence/dataset/tansformers/transformer-44/operators/qkv-all/layer-44
140	tansformers/transformer-45	tansformers/transformer-45/trunk-45	trunk-45	/opt/clover-k3/clover-intelegence/dataset/tansformers/transformer-45/trunk-45
141	tansformers/transformer-45	tansformers/transformer-45/root-45	root-45	/opt/clover-k3/clover-intelegence/dataset/tansformers/transformer-45/root-45
142	tansformers/transformer-45	tansformers/transformer-45/operators/qkv-all/layer-45	operators/qkv-all/layer-45	/opt/clover-k3/clover-intelegence/dataset/tansformers/transformer-45/operators/qkv-all/layer-45
143	tansformers/transformer-46	tansformers/transformer-46/trunk-46	trunk-46	/opt/clover-k3/clover-intelegence/dataset/tansformers/transformer-46/trunk-46
144	tansformers/transformer-46	tansformers/transformer-46/root-46	root-46	/opt/clover-k3/clover-intelegence/dataset/tansformers/transformer-46/root-46
145	tansformers/transformer-46	tansformers/transformer-46/operators/qkv-all/layer-46	operators/qkv-all/layer-46	/opt/clover-k3/clover-intelegence/dataset/tansformers/transformer-46/operators/qkv-all/layer-46
146	tansformers/transformer-47	tansformers/transformer-47/trunk-47	trunk-47	/opt/clover-k3/clover-intelegence/dataset/tansformers/transformer-47/trunk-47
147	tansformers/transformer-47	tansformers/transformer-47/root-47	root-47	/opt/clover-k3/clover-intelegence/dataset/tansformers/transformer-47/root-47
148	tansformers/transformer-47	tansformers/transformer-47/operators/qkv-all/layer-47	operators/qkv-all/layer-47	/opt/clover-k3/clover-intelegence/dataset/tansformers/transformer-47/operators/qkv-all/layer-47
149	tansformers/transformer-48	tansformers/transformer-48/trunk-48	trunk-48	/opt/clover-k3/clover-intelegence/dataset/tansformers/transformer-48/trunk-48
150	tansformers/transformer-48	tansformers/transformer-48/root-48	root-48	/opt/clover-k3/clover-intelegence/dataset/tansformers/transformer-48/root-48
151	tansformers/transformer-48	tansformers/transformer-48/operators/qkv-all/layer-48	operators/qkv-all/layer-48	/opt/clover-k3/clover-intelegence/dataset/tansformers/transformer-48/operators/qkv-all/layer-48
152	tansformers/transformer-49	tansformers/transformer-49/trunk-49	trunk-49	/opt/clover-k3/clover-intelegence/dataset/tansformers/transformer-49/trunk-49
153	tansformers/transformer-49	tansformers/transformer-49/root-49	root-49	/opt/clover-k3/clover-intelegence/dataset/tansformers/transformer-49/root-49
154	tansformers/transformer-49	tansformers/transformer-49/operators/qkv-all/layer-49	operators/qkv-all/layer-49	/opt/clover-k3/clover-intelegence/dataset/tansformers/transformer-49/operators/qkv-all/layer-49
155	tansformers/transformer-50	tansformers/transformer-50/trunk-50	trunk-50	/opt/clover-k3/clover-intelegence/dataset/tansformers/transformer-50/trunk-50
156	tansformers/transformer-50	tansformers/transformer-50/root-50	root-50	/opt/clover-k3/clover-intelegence/dataset/tansformers/transformer-50/root-50
157	tansformers/transformer-50	tansformers/transformer-50/operators/qkv-all/layer-50	operators/qkv-all/layer-50	/opt/clover-k3/clover-intelegence/dataset/tansformers/transformer-50/operators/qkv-all/layer-50
158	tansformers/transformer-51	tansformers/transformer-51/trunk-51	trunk-51	/opt/clover-k3/clover-intelegence/dataset/tansformers/transformer-51/trunk-51
159	tansformers/transformer-51	tansformers/transformer-51/root-51	root-51	/opt/clover-k3/clover-intelegence/dataset/tansformers/transformer-51/root-51
160	tansformers/transformer-51	tansformers/transformer-51/operators/qkv-all/layer-51	operators/qkv-all/layer-51	/opt/clover-k3/clover-intelegence/dataset/tansformers/transformer-51/operators/qkv-all/layer-51
161	tansformers/transformer-52	tansformers/transformer-52/trunk-52	trunk-52	/opt/clover-k3/clover-intelegence/dataset/tansformers/transformer-52/trunk-52
162	tansformers/transformer-52	tansformers/transformer-52/root-52	root-52	/opt/clover-k3/clover-intelegence/dataset/tansformers/transformer-52/root-52
163	tansformers/transformer-52	tansformers/transformer-52/operators/qkv-all/layer-52	operators/qkv-all/layer-52	/opt/clover-k3/clover-intelegence/dataset/tansformers/transformer-52/operators/qkv-all/layer-52
164	tansformers/transformer-53	tansformers/transformer-53/trunk-53	trunk-53	/opt/clover-k3/clover-intelegence/dataset/tansformers/transformer-53/trunk-53
165	tansformers/transformer-53	tansformers/transformer-53/root-53	root-53	/opt/clover-k3/clover-intelegence/dataset/tansformers/transformer-53/root-53
166	tansformers/transformer-53	tansformers/transformer-53/operators/qkv-all/layer-53	operators/qkv-all/layer-53	/opt/clover-k3/clover-intelegence/dataset/tansformers/transformer-53/operators/qkv-all/layer-53
167	tansformers/transformer-54	tansformers/transformer-54/trunk-54	trunk-54	/opt/clover-k3/clover-intelegence/dataset/tansformers/transformer-54/trunk-54
168	tansformers/transformer-54	tansformers/transformer-54/root-54	root-54	/opt/clover-k3/clover-intelegence/dataset/tansformers/transformer-54/root-54
169	tansformers/transformer-54	tansformers/transformer-54/operators/qkv-all/layer-54	operators/qkv-all/layer-54	/opt/clover-k3/clover-intelegence/dataset/tansformers/transformer-54/operators/qkv-all/layer-54
170	tansformers/transformer-55	tansformers/transformer-55/trunk-55	trunk-55	/opt/clover-k3/clover-intelegence/dataset/tansformers/transformer-55/trunk-55
171	tansformers/transformer-55	tansformers/transformer-55/root-55	root-55	/opt/clover-k3/clover-intelegence/dataset/tansformers/transformer-55/root-55
172	tansformers/transformer-55	tansformers/transformer-55/operators/qkv-all/layer-55	operators/qkv-all/layer-55	/opt/clover-k3/clover-intelegence/dataset/tansformers/transformer-55/operators/qkv-all/layer-55
173	tansformers/transformer-56	tansformers/transformer-56/trunk-56	trunk-56	/opt/clover-k3/clover-intelegence/dataset/tansformers/transformer-56/trunk-56
174	tansformers/transformer-56	tansformers/transformer-56/root-56	root-56	/opt/clover-k3/clover-intelegence/dataset/tansformers/transformer-56/root-56
175	tansformers/transformer-56	tansformers/transformer-56/operators/qkv-all/layer-56	operators/qkv-all/layer-56	/opt/clover-k3/clover-intelegence/dataset/tansformers/transformer-56/operators/qkv-all/layer-56
176	tansformers/transformer-57	tansformers/transformer-57/trunk-57	trunk-57	/opt/clover-k3/clover-intelegence/dataset/tansformers/transformer-57/trunk-57
177	tansformers/transformer-57	tansformers/transformer-57/root-57	root-57	/opt/clover-k3/clover-intelegence/dataset/tansformers/transformer-57/root-57
178	tansformers/transformer-57	tansformers/transformer-57/operators/qkv-all/layer-57	operators/qkv-all/layer-57	/opt/clover-k3/clover-intelegence/dataset/tansformers/transformer-57/operators/qkv-all/layer-57
179	tansformers/transformer-58	tansformers/transformer-58/trunk-58	trunk-58	/opt/clover-k3/clover-intelegence/dataset/tansformers/transformer-58/trunk-58
180	tansformers/transformer-58	tansformers/transformer-58/root-58	root-58	/opt/clover-k3/clover-intelegence/dataset/tansformers/transformer-58/root-58
181	tansformers/transformer-58	tansformers/transformer-58/operators/qkv-all/layer-58	operators/qkv-all/layer-58	/opt/clover-k3/clover-intelegence/dataset/tansformers/transformer-58/operators/qkv-all/layer-58
182	tansformers/transformer-59	tansformers/transformer-59/trunk-59	trunk-59	/opt/clover-k3/clover-intelegence/dataset/tansformers/transformer-59/trunk-59
183	tansformers/transformer-59	tansformers/transformer-59/root-59	root-59	/opt/clover-k3/clover-intelegence/dataset/tansformers/transformer-59/root-59
184	tansformers/transformer-59	tansformers/transformer-59/operators/qkv-all/layer-59	operators/qkv-all/layer-59	/opt/clover-k3/clover-intelegence/dataset/tansformers/transformer-59/operators/qkv-all/layer-59
185	tansformers/transformer-60	tansformers/transformer-60/trunk-60	trunk-60	/opt/clover-k3/clover-intelegence/dataset/tansformers/transformer-60/trunk-60
186	tansformers/transformer-60	tansformers/transformer-60/root-60	root-60	/opt/clover-k3/clover-intelegence/dataset/tansformers/transformer-60/root-60
187	tansformers/transformer-60	tansformers/transformer-60/operators/qkv-all/layer-60	operators/qkv-all/layer-60	/opt/clover-k3/clover-intelegence/dataset/tansformers/transformer-60/operators/qkv-all/layer-60
188	tansformers/transformer-61	tansformers/transformer-61/trunk-61	trunk-61	/opt/clover-k3/clover-intelegence/dataset/tansformers/transformer-61/trunk-61
189	tansformers/transformer-61	tansformers/transformer-61/root-61	root-61	/opt/clover-k3/clover-intelegence/dataset/tansformers/transformer-61/root-61
190	tansformers/transformer-61	tansformers/transformer-61/operators/qkv-all/layer-61	operators/qkv-all/layer-61	/opt/clover-k3/clover-intelegence/dataset/tansformers/transformer-61/operators/qkv-all/layer-61
191	tansformers/transformer-62	tansformers/transformer-62/trunk-62	trunk-62	/opt/clover-k3/clover-intelegence/dataset/tansformers/transformer-62/trunk-62
192	tansformers/transformer-62	tansformers/transformer-62/root-62	root-62	/opt/clover-k3/clover-intelegence/dataset/tansformers/transformer-62/root-62
193	tansformers/transformer-62	tansformers/transformer-62/operators/qkv-all/layer-62	operators/qkv-all/layer-62	/opt/clover-k3/clover-intelegence/dataset/tansformers/transformer-62/operators/qkv-all/layer-62
194	tansformers/transformer-63	tansformers/transformer-63/trunk-63	trunk-63	/opt/clover-k3/clover-intelegence/dataset/tansformers/transformer-63/trunk-63
195	tansformers/transformer-63	tansformers/transformer-63/root-63	root-63	/opt/clover-k3/clover-intelegence/dataset/tansformers/transformer-63/root-63
196	tansformers/transformer-63	tansformers/transformer-63/operators/qkv-all/layer-63	operators/qkv-all/layer-63	/opt/clover-k3/clover-intelegence/dataset/tansformers/transformer-63/operators/qkv-all/layer-63
197	tansformers/transformer-64	tansformers/transformer-64/trunk-64	trunk-64	/opt/clover-k3/clover-intelegence/dataset/tansformers/transformer-64/trunk-64
198	tansformers/transformer-64	tansformers/transformer-64/root-64	root-64	/opt/clover-k3/clover-intelegence/dataset/tansformers/transformer-64/root-64
199	tansformers/transformer-64	tansformers/transformer-64/operators/qkv-all/layer-64	operators/qkv-all/layer-64	/opt/clover-k3/clover-intelegence/dataset/tansformers/transformer-64/operators/qkv-all/layer-64
200	tansformers/transformer-65	tansformers/transformer-65/trunk-65	trunk-65	/opt/clover-k3/clover-intelegence/dataset/tansformers/transformer-65/trunk-65
201	tansformers/transformer-65	tansformers/transformer-65/root-65	root-65	/opt/clover-k3/clover-intelegence/dataset/tansformers/transformer-65/root-65
202	tansformers/transformer-65	tansformers/transformer-65/operators/qkv-all/layer-65	operators/qkv-all/layer-65	/opt/clover-k3/clover-intelegence/dataset/tansformers/transformer-65/operators/qkv-all/layer-65
203	tansformers/transformer-66	tansformers/transformer-66/trunk-66	trunk-66	/opt/clover-k3/clover-intelegence/dataset/tansformers/transformer-66/trunk-66
204	tansformers/transformer-66	tansformers/transformer-66/root-66	root-66	/opt/clover-k3/clover-intelegence/dataset/tansformers/transformer-66/root-66
205	tansformers/transformer-66	tansformers/transformer-66/operators/qkv-all/layer-66	operators/qkv-all/layer-66	/opt/clover-k3/clover-intelegence/dataset/tansformers/transformer-66/operators/qkv-all/layer-66
206	tansformers/transformer-67	tansformers/transformer-67/trunk-67	trunk-67	/opt/clover-k3/clover-intelegence/dataset/tansformers/transformer-67/trunk-67
207	tansformers/transformer-67	tansformers/transformer-67/root-67	root-67	/opt/clover-k3/clover-intelegence/dataset/tansformers/transformer-67/root-67
208	tansformers/transformer-67	tansformers/transformer-67/operators/qkv-all/layer-67	operators/qkv-all/layer-67	/opt/clover-k3/clover-intelegence/dataset/tansformers/transformer-67/operators/qkv-all/layer-67
209	tansformers/transformer-68	tansformers/transformer-68/trunk-68	trunk-68	/opt/clover-k3/clover-intelegence/dataset/tansformers/transformer-68/trunk-68
210	tansformers/transformer-68	tansformers/transformer-68/root-68	root-68	/opt/clover-k3/clover-intelegence/dataset/tansformers/transformer-68/root-68
211	tansformers/transformer-68	tansformers/transformer-68/operators/qkv-all/layer-68	operators/qkv-all/layer-68	/opt/clover-k3/clover-intelegence/dataset/tansformers/transformer-68/operators/qkv-all/layer-68
212	tansformers/transformer-69	tansformers/transformer-69/trunk-69	trunk-69	/opt/clover-k3/clover-intelegence/dataset/tansformers/transformer-69/trunk-69
213	tansformers/transformer-69	tansformers/transformer-69/root-69	root-69	/opt/clover-k3/clover-intelegence/dataset/tansformers/transformer-69/root-69
214	tansformers/transformer-69	tansformers/transformer-69/operators/qkv-all/layer-69	operators/qkv-all/layer-69	/opt/clover-k3/clover-intelegence/dataset/tansformers/transformer-69/operators/qkv-all/layer-69
215	tansformers/transformer-70	tansformers/transformer-70/trunk-70	trunk-70	/opt/clover-k3/clover-intelegence/dataset/tansformers/transformer-70/trunk-70
216	tansformers/transformer-70	tansformers/transformer-70/root-70	root-70	/opt/clover-k3/clover-intelegence/dataset/tansformers/transformer-70/root-70
217	tansformers/transformer-70	tansformers/transformer-70/operators/qkv-all/layer-70	operators/qkv-all/layer-70	/opt/clover-k3/clover-intelegence/dataset/tansformers/transformer-70/operators/qkv-all/layer-70
218	tansformers/transformer-71	tansformers/transformer-71/trunk-71	trunk-71	/opt/clover-k3/clover-intelegence/dataset/tansformers/transformer-71/trunk-71
219	tansformers/transformer-71	tansformers/transformer-71/root-71	root-71	/opt/clover-k3/clover-intelegence/dataset/tansformers/transformer-71/root-71
220	tansformers/transformer-71	tansformers/transformer-71/operators/qkv-all/layer-71	operators/qkv-all/layer-71	/opt/clover-k3/clover-intelegence/dataset/tansformers/transformer-71/operators/qkv-all/layer-71
221	tansformers/transformer-72	tansformers/transformer-72/trunk-72	trunk-72	/opt/clover-k3/clover-intelegence/dataset/tansformers/transformer-72/trunk-72
222	tansformers/transformer-72	tansformers/transformer-72/root-72	root-72	/opt/clover-k3/clover-intelegence/dataset/tansformers/transformer-72/root-72
223	tansformers/transformer-72	tansformers/transformer-72/operators/qkv-all/layer-72	operators/qkv-all/layer-72	/opt/clover-k3/clover-intelegence/dataset/tansformers/transformer-72/operators/qkv-all/layer-72
224	tansformers/transformer-73	tansformers/transformer-73/trunk-73	trunk-73	/opt/clover-k3/clover-intelegence/dataset/tansformers/transformer-73/trunk-73
225	tansformers/transformer-73	tansformers/transformer-73/root-73	root-73	/opt/clover-k3/clover-intelegence/dataset/tansformers/transformer-73/root-73
226	tansformers/transformer-73	tansformers/transformer-73/operators/qkv-all/layer-73	operators/qkv-all/layer-73	/opt/clover-k3/clover-intelegence/dataset/tansformers/transformer-73/operators/qkv-all/layer-73
227	tansformers/transformer-74	tansformers/transformer-74/trunk-74	trunk-74	/opt/clover-k3/clover-intelegence/dataset/tansformers/transformer-74/trunk-74
228	tansformers/transformer-74	tansformers/transformer-74/root-74	root-74	/opt/clover-k3/clover-intelegence/dataset/tansformers/transformer-74/root-74
229	tansformers/transformer-74	tansformers/transformer-74/operators/qkv-all/layer-74	operators/qkv-all/layer-74	/opt/clover-k3/clover-intelegence/dataset/tansformers/transformer-74/operators/qkv-all/layer-74
230	tansformers/transformer-75	tansformers/transformer-75/trunk-75	trunk-75	/opt/clover-k3/clover-intelegence/dataset/tansformers/transformer-75/trunk-75
231	tansformers/transformer-75	tansformers/transformer-75/root-75	root-75	/opt/clover-k3/clover-intelegence/dataset/tansformers/transformer-75/root-75
232	tansformers/transformer-75	tansformers/transformer-75/operators/qkv-all/layer-75	operators/qkv-all/layer-75	/opt/clover-k3/clover-intelegence/dataset/tansformers/transformer-75/operators/qkv-all/layer-75
233	tansformers/transformer-76	tansformers/transformer-76/trunk-76	trunk-76	/opt/clover-k3/clover-intelegence/dataset/tansformers/transformer-76/trunk-76
234	tansformers/transformer-76	tansformers/transformer-76/root-76	root-76	/opt/clover-k3/clover-intelegence/dataset/tansformers/transformer-76/root-76
235	tansformers/transformer-76	tansformers/transformer-76/operators/qkv-all/layer-76	operators/qkv-all/layer-76	/opt/clover-k3/clover-intelegence/dataset/tansformers/transformer-76/operators/qkv-all/layer-76
236	tansformers/transformer-77	tansformers/transformer-77/trunk-77	trunk-77	/opt/clover-k3/clover-intelegence/dataset/tansformers/transformer-77/trunk-77
237	tansformers/transformer-77	tansformers/transformer-77/root-77	root-77	/opt/clover-k3/clover-intelegence/dataset/tansformers/transformer-77/root-77
238	tansformers/transformer-77	tansformers/transformer-77/operators/qkv-all/layer-77	operators/qkv-all/layer-77	/opt/clover-k3/clover-intelegence/dataset/tansformers/transformer-77/operators/qkv-all/layer-77
239	tansformers/transformer-78	tansformers/transformer-78/trunk-78	trunk-78	/opt/clover-k3/clover-intelegence/dataset/tansformers/transformer-78/trunk-78
240	tansformers/transformer-78	tansformers/transformer-78/root-78	root-78	/opt/clover-k3/clover-intelegence/dataset/tansformers/transformer-78/root-78
241	tansformers/transformer-78	tansformers/transformer-78/operators/qkv-all/layer-78	operators/qkv-all/layer-78	/opt/clover-k3/clover-intelegence/dataset/tansformers/transformer-78/operators/qkv-all/layer-78
242	tansformers/transformer-79	tansformers/transformer-79/trunk-79	trunk-79	/opt/clover-k3/clover-intelegence/dataset/tansformers/transformer-79/trunk-79
243	tansformers/transformer-79	tansformers/transformer-79/root-79	root-79	/opt/clover-k3/clover-intelegence/dataset/tansformers/transformer-79/root-79
244	tansformers/transformer-79	tansformers/transformer-79/operators/qkv-all/layer-79	operators/qkv-all/layer-79	/opt/clover-k3/clover-intelegence/dataset/tansformers/transformer-79/operators/qkv-all/layer-79
245	tansformers/transformer-80	tansformers/transformer-80/trunk-80	trunk-80	/opt/clover-k3/clover-intelegence/dataset/tansformers/transformer-80/trunk-80
246	tansformers/transformer-80	tansformers/transformer-80/root-80	root-80	/opt/clover-k3/clover-intelegence/dataset/tansformers/transformer-80/root-80
247	tansformers/transformer-80	tansformers/transformer-80/operators/qkv-all/layer-80	operators/qkv-all/layer-80	/opt/clover-k3/clover-intelegence/dataset/tansformers/transformer-80/operators/qkv-all/layer-80
248	tansformers/transformer-81	tansformers/transformer-81/trunk-81	trunk-81	/opt/clover-k3/clover-intelegence/dataset/tansformers/transformer-81/trunk-81
249	tansformers/transformer-81	tansformers/transformer-81/root-81	root-81	/opt/clover-k3/clover-intelegence/dataset/tansformers/transformer-81/root-81
250	tansformers/transformer-81	tansformers/transformer-81/operators/qkv-all/layer-81	operators/qkv-all/layer-81	/opt/clover-k3/clover-intelegence/dataset/tansformers/transformer-81/operators/qkv-all/layer-81
251	tansformers/transformer-82	tansformers/transformer-82/trunk-82	trunk-82	/opt/clover-k3/clover-intelegence/dataset/tansformers/transformer-82/trunk-82
252	tansformers/transformer-82	tansformers/transformer-82/root-82	root-82	/opt/clover-k3/clover-intelegence/dataset/tansformers/transformer-82/root-82
253	tansformers/transformer-82	tansformers/transformer-82/operators/qkv-all/layer-82	operators/qkv-all/layer-82	/opt/clover-k3/clover-intelegence/dataset/tansformers/transformer-82/operators/qkv-all/layer-82
254	tansformers/transformer-83	tansformers/transformer-83/trunk-83	trunk-83	/opt/clover-k3/clover-intelegence/dataset/tansformers/transformer-83/trunk-83
255	tansformers/transformer-83	tansformers/transformer-83/root-83	root-83	/opt/clover-k3/clover-intelegence/dataset/tansformers/transformer-83/root-83
256	tansformers/transformer-83	tansformers/transformer-83/operators/qkv-all/layer-83	operators/qkv-all/layer-83	/opt/clover-k3/clover-intelegence/dataset/tansformers/transformer-83/operators/qkv-all/layer-83
257	tansformers/transformer-84	tansformers/transformer-84/trunk-84	trunk-84	/opt/clover-k3/clover-intelegence/dataset/tansformers/transformer-84/trunk-84
258	tansformers/transformer-84	tansformers/transformer-84/root-84	root-84	/opt/clover-k3/clover-intelegence/dataset/tansformers/transformer-84/root-84
259	tansformers/transformer-84	tansformers/transformer-84/operators/qkv-all/layer-84	operators/qkv-all/layer-84	/opt/clover-k3/clover-intelegence/dataset/tansformers/transformer-84/operators/qkv-all/layer-84
260	tansformers/transformer-85	tansformers/transformer-85/trunk-85	trunk-85	/opt/clover-k3/clover-intelegence/dataset/tansformers/transformer-85/trunk-85
261	tansformers/transformer-85	tansformers/transformer-85/root-85	root-85	/opt/clover-k3/clover-intelegence/dataset/tansformers/transformer-85/root-85
262	tansformers/transformer-85	tansformers/transformer-85/operators/qkv-all/layer-85	operators/qkv-all/layer-85	/opt/clover-k3/clover-intelegence/dataset/tansformers/transformer-85/operators/qkv-all/layer-85
263	tansformers/transformer-86	tansformers/transformer-86/trunk-86	trunk-86	/opt/clover-k3/clover-intelegence/dataset/tansformers/transformer-86/trunk-86
264	tansformers/transformer-86	tansformers/transformer-86/root-86	root-86	/opt/clover-k3/clover-intelegence/dataset/tansformers/transformer-86/root-86
265	tansformers/transformer-86	tansformers/transformer-86/operators/qkv-all/layer-86	operators/qkv-all/layer-86	/opt/clover-k3/clover-intelegence/dataset/tansformers/transformer-86/operators/qkv-all/layer-86
266	tansformers/transformer-87	tansformers/transformer-87/trunk-87	trunk-87	/opt/clover-k3/clover-intelegence/dataset/tansformers/transformer-87/trunk-87
267	tansformers/transformer-87	tansformers/transformer-87/root-87	root-87	/opt/clover-k3/clover-intelegence/dataset/tansformers/transformer-87/root-87
268	tansformers/transformer-87	tansformers/transformer-87/operators/qkv-all/layer-87	operators/qkv-all/layer-87	/opt/clover-k3/clover-intelegence/dataset/tansformers/transformer-87/operators/qkv-all/layer-87
269	tansformers/transformer-88	tansformers/transformer-88/trunk-88	trunk-88	/opt/clover-k3/clover-intelegence/dataset/tansformers/transformer-88/trunk-88
270	tansformers/transformer-88	tansformers/transformer-88/root-88	root-88	/opt/clover-k3/clover-intelegence/dataset/tansformers/transformer-88/root-88
271	tansformers/transformer-88	tansformers/transformer-88/operators/qkv-all/layer-88	operators/qkv-all/layer-88	/opt/clover-k3/clover-intelegence/dataset/tansformers/transformer-88/operators/qkv-all/layer-88
272	tansformers/transformer-89	tansformers/transformer-89/trunk-89	trunk-89	/opt/clover-k3/clover-intelegence/dataset/tansformers/transformer-89/trunk-89
273	tansformers/transformer-89	tansformers/transformer-89/root-89	root-89	/opt/clover-k3/clover-intelegence/dataset/tansformers/transformer-89/root-89
274	tansformers/transformer-89	tansformers/transformer-89/operators/qkv-all/layer-89	operators/qkv-all/layer-89	/opt/clover-k3/clover-intelegence/dataset/tansformers/transformer-89/operators/qkv-all/layer-89
275	tansformers/transformer-90	tansformers/transformer-90/trunk-90	trunk-90	/opt/clover-k3/clover-intelegence/dataset/tansformers/transformer-90/trunk-90
276	tansformers/transformer-90	tansformers/transformer-90/root-90	root-90	/opt/clover-k3/clover-intelegence/dataset/tansformers/transformer-90/root-90
277	tansformers/transformer-90	tansformers/transformer-90/operators/qkv-all/layer-90	operators/qkv-all/layer-90	/opt/clover-k3/clover-intelegence/dataset/tansformers/transformer-90/operators/qkv-all/layer-90
278	tansformers/transformer-91	tansformers/transformer-91/trunk-91	trunk-91	/opt/clover-k3/clover-intelegence/dataset/tansformers/transformer-91/trunk-91
279	tansformers/transformer-91	tansformers/transformer-91/root-91	root-91	/opt/clover-k3/clover-intelegence/dataset/tansformers/transformer-91/root-91
280	tansformers/transformer-91	tansformers/transformer-91/operators/qkv-all/layer-91	operators/qkv-all/layer-91	/opt/clover-k3/clover-intelegence/dataset/tansformers/transformer-91/operators/qkv-all/layer-91
281	tansformers/transformer-92	tansformers/transformer-92/trunk-92	trunk-92	/opt/clover-k3/clover-intelegence/dataset/tansformers/transformer-92/trunk-92
282	tansformers/transformer-92	tansformers/transformer-92/root-92	root-92	/opt/clover-k3/clover-intelegence/dataset/tansformers/transformer-92/root-92
283	tansformers/transformer-92	tansformers/transformer-92/operators/qkv-all/layer-92	operators/qkv-all/layer-92	/opt/clover-k3/clover-intelegence/dataset/tansformers/transformer-92/operators/qkv-all/layer-92
