trunk-86	/opt/clover-k3/clover-intelegence/dataset/trunk-86/attention.bin	/opt/clover-k3/clover-intelegence/code/tansformers/transformer-86/bin/dataset/trunk-86/attention.bin	2306:57834044:268257536:2026-10-01 17:59:32.461301917 +0200	17953399cc048187bfc0690236458c830c7f314769c64541f7319835f48f1be9
trunk-86	/opt/clover-k3/clover-intelegence/dataset/trunk-86/build-values.json	/opt/clover-k3/clover-intelegence/code/tansformers/transformer-86/bin/dataset/trunk-86/build-values.json	2306:57834046:7538:2026-10-01 17:59:32.829297545 +0200	3265b55259a9efd635ba4dda4ba79a9f7f700e45d43b7df689e781930e4efe1f
trunk-86	/opt/clover-k3/clover-intelegence/dataset/trunk-86/common.bin	/opt/clover-k3/clover-intelegence/code/tansformers/transformer-86/bin/dataset/trunk-86/common.bin	2306:57834043:176467968:2026-10-01 17:59:32.328303496 +0200	d6dadc5d572fe5b61eaac7a75859e3584eb87559852519d4f5c8c5a67503c63d
trunk-86	/opt/clover-k3/clover-intelegence/dataset/trunk-86/index.bin	/opt/clover-k3/clover-intelegence/code/tansformers/transformer-86/bin/dataset/trunk-86/index.bin	2306:57834047:3400:2026-10-01 17:59:32.829297545 +0200	b5a693d94a24e9741f1cd9673ee0af7006b4d3e3975ab50c1cdfe0b8d6017ac7
trunk-86	/opt/clover-k3/clover-intelegence/dataset/trunk-86/manifest.json	/opt/clover-k3/clover-intelegence/code/tansformers/transformer-86/bin/dataset/trunk-86/manifest.json	2306:57834048:9618:2026-10-01 17:59:35.029271413 +0200	ade9604273d30d8047ce45e37306b86c2520dee281057d94834c9b104da54a6f
trunk-86	/opt/clover-k3/clover-intelegence/dataset/trunk-86/model-validation.json	/opt/clover-k3/clover-intelegence/code/tansformers/transformer-86/bin/dataset/trunk-86/model-validation.json	2306:57834763:487:2026-10-01 18:12:49.921132288 +0200	f242c427613e46130c8c024a598d72f93560d234ae36091622639a70b64710f7
trunk-86	/opt/clover-k3/clover-intelegence/dataset/trunk-86/routed-shared.bin	/opt/clover-k3/clover-intelegence/code/tansformers/transformer-86/bin/dataset/trunk-86/routed-shared.bin	2306:57834045:209329664:2026-10-01 17:59:32.666299482 +0200	f26fa3eda7328cf083bfa9d37deee4f8340fb26bb3aadd73b761dceabdb32190
root-86	/opt/clover-k3/clover-intelegence/dataset/root-86/build-verification.json	/opt/clover-k3/clover-intelegence/code/tansformers/transformer-86/bin/dataset/root-86/build-verification.json	2306:57693414:674:2026-10-01 00:37:35.983100592 +0200	8f3e79409a8a86bbe3ef5a43b4c359c41e238ea582bdb77ac0d7530eb4656c94
root-86	/opt/clover-k3/clover-intelegence/dataset/root-86/constants.bin	/opt/clover-k3/clover-intelegence/code/tansformers/transformer-86/bin/dataset/root-86/constants.bin	2306:57693409:186:2026-10-01 00:35:27.952670844 +0200	a0ccbe259d4565407a5906e4a16b6e23e8af8bbd0b2796ba4dd85842ba6ad079
root-86	/opt/clover-k3/clover-intelegence/dataset/root-86/experts.bin	/opt/clover-k3/clover-intelegence/code/tansformers/transformer-86/bin/dataset/root-86/experts.bin	2306:57693413:14142615968:2026-10-01 00:37:28.729190981 +0200	f8117f18117a901edd36ee150623865e0910deb8bf14084a8f266c95c2f36704
root-86	/opt/clover-k3/clover-intelegence/dataset/root-86/maps.json	/opt/clover-k3/clover-intelegence/code/tansformers/transformer-86/bin/dataset/root-86/maps.json	2306:57693412:19584:2026-10-01 00:35:27.953670832 +0200	7cdfc95ca1c454bf2996b03af19bd0c07b9fae954d7424dd6e6e2af1df1772de
root-86	/opt/clover-k3/clover-intelegence/dataset/root-86/model-integration-direct.json	/opt/clover-k3/clover-intelegence/code/tansformers/transformer-86/bin/dataset/root-86/model-integration-direct.json	2306:57693721:26377:2026-10-01 00:41:03.029528388 +0200	f0df79bdb5515b06b4b3b7adb6deec2e438cd6e0626306460231358e37da73a0
root-86	/opt/clover-k3/clover-intelegence/dataset/root-86/model-integration-sequential.json	/opt/clover-k3/clover-intelegence/code/tansformers/transformer-86/bin/dataset/root-86/model-integration-sequential.json	2306:57693714:990:2026-10-01 00:41:03.027528413 +0200	24b65c7167dd71a5bee7a5dcc7988d60c4df0b78d564a2fb3fa717c87111e400
root-86	/opt/clover-k3/clover-intelegence/dataset/root-86/native-recovery.stderr	/opt/clover-k3/clover-intelegence/code/tansformers/transformer-86/bin/dataset/root-86/native-recovery.stderr	2306:57693415:0:2026-10-01 00:37:35.983100592 +0200	e3b0c44298fc1c149afbf4c8996fb92427ae41e4649b934ca495991b7852b855
root-86	/opt/clover-k3/clover-intelegence/dataset/root-86/observations/france/direct.json	/opt/clover-k3/clover-intelegence/code/tansformers/transformer-86/bin/dataset/root-86/observations/france/direct.json	2306:57693715:7210:2026-10-01 00:39:43.643513009 +0200	8495911e601331f712e2b18f2635afbf384914003d7bc3f215d24a323f8e845e
root-86	/opt/clover-k3/clover-intelegence/dataset/root-86/observations/france/direct-timing.json	/opt/clover-k3/clover-intelegence/code/tansformers/transformer-86/bin/dataset/root-86/observations/france/direct-timing.json	2306:57693717:203:2026-10-01 00:39:46.140482011 +0200	408753fc80594fc8b17ccd939684f1d47bd93b4feb00c8c159e52ef844c3af48
root-86	/opt/clover-k3/clover-intelegence/dataset/root-86/observations/france/functions.json	/opt/clover-k3/clover-intelegence/code/tansformers/transformer-86/bin/dataset/root-86/observations/france/functions.json	2306:57693702:72:2026-10-01 00:39:43.643513009 +0200	150628faf01707cf48b3ad37351256641bcdcdf61f675d6063aeb77bd55dac99
root-86	/opt/clover-k3/clover-intelegence/dataset/root-86/observations/france/inputs.f32	/opt/clover-k3/clover-intelegence/code/tansformers/transformer-86/bin/dataset/root-86/observations/france/inputs.f32	2306:57693700:1146880:2026-10-01 00:39:43.257517801 +0200	5207a9a05e804f5293a4dcb592c0de5f0847a7e98a12a6239a754e271513fab6
root-86	/opt/clover-k3/clover-intelegence/dataset/root-86/observations/france/launch.json	/opt/clover-k3/clover-intelegence/code/tansformers/transformer-86/bin/dataset/root-86/observations/france/launch.json	2306:57693704:1476:2026-10-01 00:39:07.428962803 +0200	168b03d6eedf6ce9defa2bd6113cbb51ca3088574d18dcf2e5566bdb7b4c4ab0
root-86	/opt/clover-k3/clover-intelegence/dataset/root-86/observations/france/legacy-reader.json	/opt/clover-k3/clover-intelegence/code/tansformers/transformer-86/bin/dataset/root-86/observations/france/legacy-reader.json	2306:57693716:47:2026-10-01 00:39:43.643513009 +0200	63d40761a1c089c7fedea4aee2161a35c89518abe5a8c5f7c4abc4ad1f90334f
root-86	/opt/clover-k3/clover-intelegence/dataset/root-86/observations/france/reader.json	/opt/clover-k3/clover-intelegence/code/tansformers/transformer-86/bin/dataset/root-86/observations/france/reader.json	2306:57693703:11018:2026-10-01 00:39:46.140482011 +0200	f072f3bc467040e0471fc5c2bc7ee2fad27e3c67ee61104a5e3bc7873c08104b
root-86	/opt/clover-k3/clover-intelegence/dataset/root-86/observations/france/record-format.json	/opt/clover-k3/clover-intelegence/code/tansformers/transformer-86/bin/dataset/root-86/observations/france/record-format.json	2306:57693705:1167:2026-10-01 00:41:03.016528549 +0200	57ada2fde903a134bf5171c4e55754641d9b1dd609147728a980b8135600ad34
root-86	/opt/clover-k3/clover-intelegence/dataset/root-86/observations/france/results.bin	/opt/clover-k3/clover-intelegence/code/tansformers/transformer-86/bin/dataset/root-86/observations/france/results.bin	2306:57693699:4096320:2026-10-01 00:39:43.257517801 +0200	aabc0befbe6d2cdb826c1bce92736c0b1d9bdf3564b9565a3b91bc23c1489883
root-86	/opt/clover-k3/clover-intelegence/dataset/root-86/observations/france/routes.tsv	/opt/clover-k3/clover-intelegence/code/tansformers/transformer-86/bin/dataset/root-86/observations/france/routes.tsv	2306:57693701:33111:2026-10-01 00:39:43.643513009 +0200	f4b05d9f1e80e28b637eab3f846c78ffebd407f6c3c4eb5bacafe44b65799f6d
root-86	/opt/clover-k3/clover-intelegence/dataset/root-86/observations/japan/direct.json	/opt/clover-k3/clover-intelegence/code/tansformers/transformer-86/bin/dataset/root-86/observations/japan/direct.json	2306:57693718:7210:2026-10-01 00:41:00.508559629 +0200	7e00e7211c2032434e5b200ad84a89894f66c4992ca450d3264a911e0325cb3d
root-86	/opt/clover-k3/clover-intelegence/dataset/root-86/observations/japan/direct-timing.json	/opt/clover-k3/clover-intelegence/code/tansformers/transformer-86/bin/dataset/root-86/observations/japan/direct-timing.json	2306:57693720:204:2026-10-01 00:41:02.989528884 +0200	1599bfc3d8bc7ffb7f06ef8f3b8f72d465be36e50964c42c030d71d1bee4bd80
root-86	/opt/clover-k3/clover-intelegence/dataset/root-86/observations/japan/functions.json	/opt/clover-k3/clover-intelegence/code/tansformers/transformer-86/bin/dataset/root-86/observations/japan/functions.json	2306:57693710:72:2026-10-01 00:41:00.508559629 +0200	a1908281ea17bc05454cc6f0ee0f8bf33008cbc81778abaa2cc039d8a6f1c9b4
root-86	/opt/clover-k3/clover-intelegence/dataset/root-86/observations/japan/inputs.f32	/opt/clover-k3/clover-intelegence/code/tansformers/transformer-86/bin/dataset/root-86/observations/japan/inputs.f32	2306:57693708:1146880:2026-10-01 00:41:00.129564325 +0200	2db092975eb685a3d1ebd413e5ff7b366fde8e82d4db3c145d84642fa4b8db95
root-86	/opt/clover-k3/clover-intelegence/dataset/root-86/observations/japan/launch.json	/opt/clover-k3/clover-intelegence/code/tansformers/transformer-86/bin/dataset/root-86/observations/japan/launch.json	2306:57693712:1468:2026-10-01 00:40:24.385007470 +0200	d18d759eb4ab9cd7a24301c8c23f4eac49a0c10cfd01e9bf1c3096f313f8ec8c
root-86	/opt/clover-k3/clover-intelegence/dataset/root-86/observations/japan/legacy-reader.json	/opt/clover-k3/clover-intelegence/code/tansformers/transformer-86/bin/dataset/root-86/observations/japan/legacy-reader.json	2306:57693719:47:2026-10-01 00:41:00.508559629 +0200	63d40761a1c089c7fedea4aee2161a35c89518abe5a8c5f7c4abc4ad1f90334f
root-86	/opt/clover-k3/clover-intelegence/dataset/root-86/observations/japan/reader.json	/opt/clover-k3/clover-intelegence/code/tansformers/transformer-86/bin/dataset/root-86/observations/japan/reader.json	2306:57693711:11018:2026-10-01 00:41:02.988528896 +0200	fea9130d51e5b7a2ba2730859e1d720b702eb1c5e7a54419a055f3bc6b3c0ae4
root-86	/opt/clover-k3/clover-intelegence/dataset/root-86/observations/japan/record-format.json	/opt/clover-k3/clover-intelegence/code/tansformers/transformer-86/bin/dataset/root-86/observations/japan/record-format.json	2306:57693713:1168:2026-10-01 00:41:03.026528425 +0200	dc712b61b6917da9ccc9e242b278c09cf9fea31b1c0467bc7fda375e2fc9b44d
root-86	/opt/clover-k3/clover-intelegence/dataset/root-86/observations/japan/results.bin	/opt/clover-k3/clover-intelegence/code/tansformers/transformer-86/bin/dataset/root-86/observations/japan/results.bin	2306:57693707:4096320:2026-10-01 00:41:00.129564325 +0200	e29fea46f24dd39232aba01f744c086ab8c82c6644408e315a0e87bccc75f92b
root-86	/opt/clover-k3/clover-intelegence/dataset/root-86/observations/japan/routes.tsv	/opt/clover-k3/clover-intelegence/code/tansformers/transformer-86/bin/dataset/root-86/observations/japan/routes.tsv	2306:57693709:33114:2026-10-01 00:41:00.508559629 +0200	46e4910f35760708eca949f74763a52c5a1162fbe0c996836aed2b6227b29138
root-86	/opt/clover-k3/clover-intelegence/dataset/root-86/original-header.bin	/opt/clover-k3/clover-intelegence/code/tansformers/transformer-86/bin/dataset/root-86/original-header.bin	2306:57693411:824112:2026-10-01 00:35:27.953670832 +0200	5f017654bcab9c3cc6e78e0c6d5c05cc3a3315bb23d843e689293ed31fb1cfd1
root-86	/opt/clover-k3/clover-intelegence/dataset/root-86/source-layout.bin	/opt/clover-k3/clover-intelegence/code/tansformers/transformer-86/bin/dataset/root-86/source-layout.bin	2306:57693410:736536:2026-10-01 00:35:27.952670844 +0200	61aec587c795f57e7d0a5f8bd572e7ac49d1adf9af4f60b8ef302c7ee5ff9495
root-86	/opt/clover-k3/clover-intelegence/dataset/root-86/source-recovery.json	/opt/clover-k3/clover-intelegence/code/tansformers/transformer-86/bin/dataset/root-86/source-recovery.json	2306:57693416:1297782:2026-10-01 00:38:28.960441070 +0200	2dff11371f1000490ab8b581b6647aacdb650fd73e34a4cc673e57db69a6b2ae
root-86	/opt/clover-k3/clover-intelegence/dataset/root-86/source-retired.json	/opt/clover-k3/clover-intelegence/code/tansformers/transformer-86/bin/dataset/root-86/source-retired.json	2306:57693724:280:2026-10-01 00:41:17.652347212 +0200	04532584c900f5ebe029575837811555f540cfad676cb3c14eda0d87e8330765
root-86	/opt/clover-k3/clover-intelegence/dataset/root-86/source-retirement-plan.json	/opt/clover-k3/clover-intelegence/code/tansformers/transformer-86/bin/dataset/root-86/source-retirement-plan.json	2306:57693723:904:2026-10-01 00:41:16.396362771 +0200	ef95c586e9e686358fa8048ffdcc6cbcec54db850899857bc7ee44fcfa8ea211
operators/qkv-all/layer-86	/opt/clover-k3/clover-intelegence/dataset/operators/qkv-all/layer-86/manifest.json	/opt/clover-k3/clover-intelegence/code/tansformers/transformer-86/bin/dataset/operators/qkv-all/layer-86/manifest.json	2306:57807896:1890:2026-10-01 09:34:41.402030131 +0200	80007bafdd45ce5c836c944fe7750713a5152910ef4dc46687fe33a97f59b5a2
operators/qkv-all/layer-86	/opt/clover-k3/clover-intelegence/dataset/operators/qkv-all/layer-86/operator.bin	/opt/clover-k3/clover-intelegence/code/tansformers/transformer-86/bin/dataset/operators/qkv-all/layer-86/operator.bin	2306:57807894:265008216:2026-10-01 09:34:40.504040087 +0200	51253f8becc74bfb4272cab699a1852bea1cf1379cc7be179f7ed290a2b4cd53
