layer,cold_s,pin_s,resident_s,resident_ms_per_position,cold_ms_per_position,experts_gb
1,0.881,6.001,0.853,142.15,146.79,15.72
2,0.902,5.884,0.849,141.54,150.32,15.72
3,0.354,6.009,0.307,51.10,59.07,15.72
4,0.885,5.965,0.841,140.13,147.51,15.72
5,0.882,6.001,0.834,139.00,147.04,15.72
6,0.904,5.983,0.834,138.99,150.72,15.72
7,0.347,5.950,0.299,49.86,57.83,15.72
8,0.907,5.966,0.848,141.36,151.20,15.72
9,0.902,5.913,0.835,139.20,150.31,15.72
10,0.932,5.983,0.873,145.46,155.40,15.72
11,0.371,5.945,0.294,48.94,61.91,15.72
12,0.899,5.991,0.848,141.32,149.92,15.72
13,0.895,5.921,0.860,143.35,149.18,15.72
14,0.908,6.002,0.863,143.87,151.40,15.72
15,0.356,5.999,0.295,49.22,59.27,15.72
16,0.906,6.042,0.917,152.84,150.93,15.72
17,0.891,6.050,0.873,145.43,148.57,15.72
18,0.911,6.085,0.838,139.74,151.81,15.72
19,0.365,6.095,0.294,49.05,60.91,15.72
20,0.903,5.993,0.872,145.42,150.50,15.72
21,0.907,5.994,0.835,139.21,151.08,15.72
22,0.922,6.028,0.849,141.57,153.61,15.72
23,0.345,6.009,0.328,54.59,57.48,15.72
24,0.896,6.027,0.867,144.58,149.26,15.72
25,0.914,6.041,0.839,139.89,152.25,15.72
26,0.913,6.062,0.866,144.32,152.17,15.72
27,0.356,6.085,0.308,51.41,59.29,15.72
28,0.910,5.989,0.841,140.11,151.63,15.72
29,0.912,5.961,0.853,142.10,151.92,15.72
30,0.902,6.071,0.851,141.90,150.32,15.72
31,0.358,6.013,0.295,49.15,59.70,15.72
32,0.917,5.952,0.851,141.85,152.88,15.72
33,0.910,5.977,0.851,141.90,151.60,15.72
34,0.903,6.185,0.876,145.99,150.43,15.72
35,0.346,6.083,0.321,53.48,57.75,15.72
36,0.926,6.002,0.870,144.96,154.32,15.72
37,0.897,6.039,0.847,141.22,149.57,15.72
38,0.904,6.083,0.861,143.55,150.68,15.72
39,0.365,6.040,0.305,50.83,60.84,15.72
40,0.903,6.105,0.858,143.04,150.43,15.72
41,0.942,6.101,0.891,148.51,157.03,15.72
42,0.929,6.144,0.838,139.59,154.80,15.72
43,0.361,6.072,0.300,50.01,60.17,15.72
44,0.905,5.924,0.853,142.16,150.77,15.72
45,0.909,6.035,0.845,140.75,151.47,15.72
46,0.925,6.073,0.839,139.84,154.11,15.72
47,0.359,5.975,0.308,51.28,59.80,15.72
48,0.912,5.979,0.880,146.68,152.02,15.72
49,0.893,6.107,0.838,139.65,148.79,15.72
50,0.911,6.084,0.877,146.24,151.77,15.72
51,0.358,6.003,0.303,50.52,59.58,15.72
52,0.908,5.965,0.866,144.35,151.30,15.72
53,0.910,6.031,0.854,142.40,151.59,15.72
54,0.915,5.973,0.841,140.15,152.45,15.72
55,0.364,6.004,0.302,50.36,60.69,15.72
56,0.930,5.999,0.853,142.12,155.01,15.72
57,0.920,6.068,0.844,140.60,153.37,15.72
58,0.913,6.081,0.857,142.86,152.22,15.72
59,0.351,5.974,0.301,50.22,58.48,15.72
60,0.888,5.952,0.854,142.26,147.95,15.72
61,0.911,6.043,0.844,140.64,151.88,15.72
62,0.934,6.016,0.843,140.56,155.58,15.72
63,0.397,5.981,0.299,49.87,66.18,15.72
64,0.901,6.077,0.862,143.69,150.15,15.72
65,0.916,6.151,0.843,140.46,152.71,15.72
66,0.919,6.046,0.845,140.82,153.12,15.72
67,0.362,5.976,0.316,52.72,60.39,15.72
68,0.910,5.950,0.840,139.99,151.60,15.72
69,0.963,6.023,0.881,146.90,160.56,15.72
70,0.915,5.992,0.847,141.09,152.53,15.72
71,0.363,6.019,0.313,52.12,60.43,15.72
72,0.911,6.034,0.842,140.34,151.75,15.72
73,0.906,6.127,0.859,143.10,150.98,15.72
74,0.913,6.075,0.848,141.32,152.17,15.72
75,0.365,5.997,0.296,49.27,60.83,15.72
76,0.925,6.039,0.841,140.11,154.16,15.72
77,0.910,6.061,0.842,140.27,151.66,15.72
78,0.906,5.992,0.838,139.72,151.07,15.72
79,0.373,5.975,0.296,49.35,62.23,15.72
80,0.929,6.075,0.838,139.61,154.81,15.72
81,0.922,6.026,0.843,140.53,153.73,15.72
82,0.901,6.034,0.842,140.40,150.10,15.72
83,0.388,5.980,0.303,50.56,64.71,15.72
84,0.909,6.041,0.843,140.46,151.58,15.72
85,0.913,6.037,0.842,140.33,152.23,15.72
86,0.911,6.029,0.837,139.58,151.87,15.72
87,0.372,6.023,0.307,51.20,61.98,15.72
88,0.908,6.110,0.843,140.45,151.31,15.72
89,0.923,6.045,0.843,140.57,153.81,15.72
90,0.890,5.993,0.842,140.40,148.38,15.72
91,0.377,6.005,0.311,51.77,62.90,15.72
92,0.371,6.004,0.308,51.25,61.75,15.72
