/opt/clover-k3/clover-intelegence/dataset/inputs	/opt/clover-k3/clover-intelegence/code/client/dataset/inputs	2306:57938689:60:2026-10-02 06:03:11.715455330 +0200	/opt/clover-k3/clover-intelegence/code/client/dataset/inputs
/opt/clover-k3/clover-intelegence/dataset/outputs	/opt/clover-k3/clover-intelegence/code/client/dataset/outputs	2306:57938690:61:2026-10-02 06:03:23.422320733 +0200	/opt/clover-k3/clover-intelegence/code/client/dataset/outputs
/opt/clover-k3/clover-intelegence/dataset/tiktoken.model	/opt/clover-k3/clover-intelegence/code/client/dataset/tiktoken.model	2306:57938691:68:2026-10-02 06:03:34.454193527 +0200	/opt/clover-k3/clover-intelegence/code/client/dataset/tiktoken.model
/opt/clover-k3/clover-intelegence/dataset/vocabulary.bin	/opt/clover-k3/clover-intelegence/code/client/dataset/vocabulary.bin	2306:57938692:68:2026-10-02 06:03:34.455193515 +0200	/opt/clover-k3/clover-intelegence/code/client/dataset/vocabulary.bin
/opt/clover-k3/clover-intelegence/configs/tokenizer_config.json	/opt/clover-k3/clover-intelegence/code/client/configs/tokenizer_config.json	2306:57938694:75:2026-10-02 06:03:55.473950184 +0200	/opt/clover-k3/clover-intelegence/code/client/configs/tokenizer_config.json
/opt/clover-k3/clover-data/inputs	/opt/clover-k3/clover-intelegence/dataset/inputs	2306:57704952:48:2026-10-02 05:25:29.708419252 +0200	/opt/clover-k3/clover-intelegence/code/client/dataset/inputs
/opt/clover-k3/clover-data/outputs	/opt/clover-k3/clover-intelegence/dataset/outputs	2306:57704953:49:2026-10-02 05:25:40.366276547 +0200	/opt/clover-k3/clover-intelegence/code/client/dataset/outputs
/opt/clover-k3/direct-equation-20261001-a/tiktoken.model	/opt/clover-k3/clover-intelegence/dataset/tiktoken.model	2306:57835982:56:2026-10-02 05:48:25.514063330 +0200	/opt/clover-k3/clover-intelegence/code/client/dataset/tiktoken.model
/opt/clover-k3/direct-equation-20261001-a/data/vocabulary.bin	/opt/clover-k3/clover-intelegence/dataset/vocabulary.bin	2306:57835983:56:2026-10-02 05:48:38.587889178 +0200	/opt/clover-k3/clover-intelegence/code/client/dataset/vocabulary.bin
/root/k3model/tokenizer_config.json	/opt/clover-k3/clover-intelegence/configs/tokenizer_config.json	2306:12324054:63:2026-10-02 05:48:53.463691006 +0200	/opt/clover-k3/clover-intelegence/code/client/configs/tokenizer_config.json
/opt/clover-k3/seed	clover-data/inputs	2306:57442719:18:2026-09-30 12:48:09.723528283 +0200	/opt/clover-k3/clover-intelegence/code/client/dataset/inputs
/opt/clover-k3/fruit	clover-data/outputs	2306:57442705:19:2026-09-30 12:48:10.598517582 +0200	/opt/clover-k3/clover-intelegence/code/client/dataset/outputs
