code	/opt/clover-k3/clover-intelegence/code/client	/opt/clover-k3/clover-intelegence/code/client/client	2306:57938678:21312:2026-10-02 05:53:47.271777526 +0200	0bbf90f6bc1ecde2a1cce8bf7cf1b2951947339628ec79e32cda9f8a8202628d
code	/opt/clover-k3/clover-intelegence/code/client.c	/opt/clover-k3/clover-intelegence/code/client/client.c	2306:57938676:19856:2026-10-02 05:53:42.888835895 +0200	f82dc0c421b09b19f01a4f5e6e48132505a369a6ea2404b1ce6fedb852059377
code	/opt/clover-k3/clover-intelegence/code/CONTEXT.md	/opt/clover-k3/clover-intelegence/code/client/CONTEXT.md	2306:57938683:8294:2026-10-02 05:56:44.706414359 +0200	8c05f5ed68a7f5c6db54f9c7631a9c74ea07fc4bc84de80662e39dd10e466ff3
code	/opt/clover-k3/clover-intelegence/code/README.md	/opt/clover-k3/clover-intelegence/code/client/README.md	2306:57938682:4537:2026-10-02 05:56:39.691481150 +0200	578310c93fe005a095d44de60abfdb6cd69cb6936ecccdce974092d407a450a8
code	/opt/clover-k3/clover-intelegence/code/test-client	/opt/clover-k3/clover-intelegence/code/client/test-client	2306:57938679:29544:2026-10-02 05:53:47.420775541 +0200	5702959db3c3f88ca4228dd30c3a911cd12fe76c2c93ce2de33d1d1ee3f44174
code	/opt/clover-k3/clover-intelegence/code/test-client.c	/opt/clover-k3/clover-intelegence/code/client/test-client.c	2306:57938677:5977:2026-10-02 05:53:43.899822434 +0200	b957e37e0095c870fd897a46c531e06dfada141b9202a83201830641adf59b41
code	/opt/clover-k3/clover-intelegence/code/test-client-sanitized	/opt/clover-k3/clover-intelegence/code/client/test-client-sanitized	2306:57938680:255824:2026-10-02 05:53:47.729771426 +0200	92e78233387909e4c5bd594f6e8a20838be616fed5f565bbc51f44d178f4bbfb
inputs	/opt/clover-k3/clover-intelegence/dataset/inputs/blocks.jsonl	/opt/clover-k3/clover-intelegence/code/client/dataset/inputs/blocks.jsonl	2306:57412228:3740024:2026-09-29 14:24:34.721149681 +0200	57891f9b99fcdd7a162c9cc8300d498bf75a851343e301b31939baed5cc05661
inputs	/opt/clover-k3/clover-intelegence/dataset/inputs/__pycache__/seed.cpython-312.pyc	/opt/clover-k3/clover-intelegence/code/client/dataset/inputs/__pycache__/seed.cpython-312.pyc	2306:57412398:35771:2026-09-29 14:31:21.748608305 +0200	28ab8a55714caf3e0af1dd270fee9256d0f6fde2071ba2de936456b6a1574a99
inputs	/opt/clover-k3/clover-intelegence/dataset/inputs/README.md	/opt/clover-k3/clover-intelegence/code/client/dataset/inputs/README.md	2306:57412233:4815:2026-09-29 14:27:28.387955759 +0200	9b30b08324232839b0df568afbf6e98b7032741d69af767d3ff9c54e36110c22
inputs	/opt/clover-k3/clover-intelegence/dataset/inputs/results.json	/opt/clover-k3/clover-intelegence/code/client/dataset/inputs/results.json	2306:57412230:2436:2026-09-29 14:24:43.294041418 +0200	845242e511a30135578eedf03b6fd90b3b6712ac98cab4bf623df477201e0290
inputs	/opt/clover-k3/clover-intelegence/dataset/inputs/seed.bin	/opt/clover-k3/clover-intelegence/code/client/dataset/inputs/seed.bin	2306:57412229:1655067433:2026-09-29 14:24:34.719149706 +0200	9f064e022771c82fb8d218a03d6e5ebdfab5e3f22d4a59ec5cd25b8498a552d3
inputs	/opt/clover-k3/clover-intelegence/dataset/inputs/seed.py	/opt/clover-k3/clover-intelegence/code/client/dataset/inputs/seed.py	2306:57412232:21127:2026-09-29 14:25:38.204347881 +0200	ed7ad22a434abe5518b0f27f9585942716d19652cd134a6f7c15004dda0aea42
inputs	/opt/clover-k3/clover-intelegence/dataset/inputs/verification.json	/opt/clover-k3/clover-intelegence/code/client/dataset/inputs/verification.json	2306:57412231:395:2026-09-29 14:25:34.615393213 +0200	dd4a9d08cef33faa1c9ec5d2c421c7cdfc8935467d85f162559733fdbca7cb29
outputs	/opt/clover-k3/clover-intelegence/dataset/outputs/all-n.tsv	/opt/clover-k3/clover-intelegence/code/client/dataset/outputs/all-n.tsv	2306:57412733:567920:2026-09-29 14:43:29.931339036 +0200	ae9194b8a90873581b8f5e6139b067831791aabe4b6dc3053fa1e5d5769e4cc6
outputs	/opt/clover-k3/clover-intelegence/dataset/outputs/blocks.jsonl	/opt/clover-k3/clover-intelegence/code/client/dataset/outputs/blocks.jsonl	2306:57412737:3740023:2026-09-29 14:50:29.398743122 +0200	8cc45e8c2cef010549c236cb491c76edce17491a28cf340f04f47fc37b9db994
outputs	/opt/clover-k3/clover-intelegence/dataset/outputs/census.json	/opt/clover-k3/clover-intelegence/code/client/dataset/outputs/census.json	2306:57412736:1803:2026-09-29 14:43:29.935338982 +0200	990d7fadf15f07c69cb208c51141dae4eb758d082f569e72f47c4880f93d966f
outputs	/opt/clover-k3/clover-intelegence/dataset/outputs/counts.u64le	/opt/clover-k3/clover-intelegence/code/client/dataset/outputs/counts.u64le	2306:57412735:524288:2026-09-29 14:43:29.931339036 +0200	b65972e05831eee0e46acdee3ad1be20b305e86060dab6f69dbc7683be94c33e
outputs	/opt/clover-k3/clover-intelegence/dataset/outputs/dictionary.bf16	/opt/clover-k3/clover-intelegence/code/client/dataset/outputs/dictionary.bf16	2306:57412734:13180:2026-09-29 14:43:29.931339036 +0200	676b5260281969184750448d9a007d233937c713b819330006df6972f7857212
outputs	/opt/clover-k3/clover-intelegence/dataset/outputs/fruit.bin	/opt/clover-k3/clover-intelegence/code/client/dataset/outputs/fruit.bin	2306:57412738:1662954740:2026-09-29 14:50:29.397743135 +0200	b6a1ead4fda2928127841ffa2ec63d4f56d3de5709bfd24b4da2cc0d07b58c16
outputs	/opt/clover-k3/clover-intelegence/dataset/outputs/fruit.py	/opt/clover-k3/clover-intelegence/code/client/dataset/outputs/fruit.py	2306:57413086:9898:2026-09-29 15:00:10.574111151 +0200	bf7da8d32d2824435a03aaa9b351bd73fe843f5d19213b1ec5a819fb5c6b4282
outputs	/opt/clover-k3/clover-intelegence/dataset/outputs/input-table-values.py	/opt/clover-k3/clover-intelegence/code/client/dataset/outputs/input-table-values.py	2306:57413088:12694:2026-09-29 15:00:10.575111138 +0200	75759168029ebf54633aa690bf12d30991962060eae31a3802c474457c76d35c
outputs	/opt/clover-k3/clover-intelegence/dataset/outputs/__pycache__/input-table-values.cpython-312.pyc	/opt/clover-k3/clover-intelegence/code/client/dataset/outputs/__pycache__/input-table-values.cpython-312.pyc	2306:57413091:19374:2026-09-29 15:00:10.643110250 +0200	1272dfbef1bcc17e26b771bcaa65e23f6ca59f56bbd943d29ef7a8001fcd06f7
outputs	/opt/clover-k3/clover-intelegence/dataset/outputs/__pycache__/seed.cpython-312.pyc	/opt/clover-k3/clover-intelegence/code/client/dataset/outputs/__pycache__/seed.cpython-312.pyc	2306:57413090:35772:2026-09-29 15:00:10.641110276 +0200	5d8a18dc14d2c2067dd7fce37c1d8f98a96fad3308c3d91526f2024b9c0223d5
outputs	/opt/clover-k3/clover-intelegence/dataset/outputs/results.json	/opt/clover-k3/clover-intelegence/code/client/dataset/outputs/results.json	2306:57412739:2334:2026-09-29 14:50:37.983629644 +0200	d73ff89faa1d9836a94687d52010a5d34915e36ce2eb79ce4568a1f7557cf5aa
outputs	/opt/clover-k3/clover-intelegence/dataset/outputs/scan-chunks.jsonl	/opt/clover-k3/clover-intelegence/code/client/dataset/outputs/scan-chunks.jsonl	2306:57412732:83403:2026-09-29 14:43:29.909339333 +0200	10bedafa9e6585259c790e5d560e431b212c80acd22a91784023e1df8c360a6e
outputs	/opt/clover-k3/clover-intelegence/dataset/outputs/seed.py	/opt/clover-k3/clover-intelegence/code/client/dataset/outputs/seed.py	2306:57413087:21127:2026-09-29 15:00:10.574111151 +0200	ed7ad22a434abe5518b0f27f9585942716d19652cd134a6f7c15004dda0aea42
vocabulary	/opt/clover-k3/clover-intelegence/dataset/tiktoken.model	/opt/clover-k3/clover-intelegence/code/client/dataset/tiktoken.model	2306:57811067:2795286:2026-10-01 10:40:14.549589892 +0200	b6c497a7469b33ced9c38afb1ad6e47f03f5e5dc05f15930799210ec050c5103
vocabulary	/opt/clover-k3/clover-intelegence/dataset/vocabulary.bin	/opt/clover-k3/clover-intelegence/code/client/dataset/vocabulary.bin	2306:57811171:1764931:2026-10-01 10:42:16.852176743 +0200	61e8759950e54f6ba2dd90e129c144f65725f481f2059d1b3ad5254aa48cbdff
config	/opt/clover-k3/clover-intelegence/configs/tokenizer_config.json	/opt/clover-k3/clover-intelegence/code/client/configs/tokenizer_config.json	2306:12324096:3478:2026-09-21 19:11:16.841697180 +0200	5d0803c94db9cd78763499e0956c95fd5a225c14a727e5a6cf5db3f96f010a6e
