d	.	2306:57938688:4096:2026-10-02 06:03:34.455193515 +0200:755:0:0	-
d	inputs	2306:57412227:4096:2026-09-29 14:31:21.748608305 +0200:755:0:0	-
f	inputs/blocks.jsonl	2306:57412228:3740024:2026-09-29 14:24:34.721149681 +0200:644:0:0	-
d	inputs/__pycache__	2306:57412397:4096:2026-09-29 14:31:21.748608305 +0200:755:0:0	-
f	inputs/__pycache__/seed.cpython-312.pyc	2306:57412398:35771:2026-09-29 14:31:21.748608305 +0200:644:0:0	28ab8a55714caf3e0af1dd270fee9256d0f6fde2071ba2de936456b6a1574a99
f	inputs/README.md	2306:57412233:4815:2026-09-29 14:27:28.387955759 +0200:644:0:0	9b30b08324232839b0df568afbf6e98b7032741d69af767d3ff9c54e36110c22
f	inputs/results.json	2306:57412230:2436:2026-09-29 14:24:43.294041418 +0200:644:0:0	845242e511a30135578eedf03b6fd90b3b6712ac98cab4bf623df477201e0290
f	inputs/seed.bin	2306:57412229:1655067433:2026-09-29 14:24:34.719149706 +0200:644:0:0	-
f	inputs/seed.py	2306:57412232:21127:2026-09-29 14:25:38.204347881 +0200:644:0:0	ed7ad22a434abe5518b0f27f9585942716d19652cd134a6f7c15004dda0aea42
f	inputs/verification.json	2306:57412231:395:2026-09-29 14:25:34.615393213 +0200:644:0:0	dd4a9d08cef33faa1c9ec5d2c421c7cdfc8935467d85f162559733fdbca7cb29
d	outputs	2306:57412731:4096:2026-09-29 15:00:10.641110276 +0200:755:0:0	-
f	outputs/all-n.tsv	2306:57412733:567920:2026-09-29 14:43:29.931339036 +0200:644:0:0	ae9194b8a90873581b8f5e6139b067831791aabe4b6dc3053fa1e5d5769e4cc6
f	outputs/blocks.jsonl	2306:57412737:3740023:2026-09-29 14:50:29.398743122 +0200:644:0:0	-
f	outputs/census.json	2306:57412736:1803:2026-09-29 14:43:29.935338982 +0200:644:0:0	990d7fadf15f07c69cb208c51141dae4eb758d082f569e72f47c4880f93d966f
f	outputs/counts.u64le	2306:57412735:524288:2026-09-29 14:43:29.931339036 +0200:644:0:0	b65972e05831eee0e46acdee3ad1be20b305e86060dab6f69dbc7683be94c33e
f	outputs/dictionary.bf16	2306:57412734:13180:2026-09-29 14:43:29.931339036 +0200:644:0:0	676b5260281969184750448d9a007d233937c713b819330006df6972f7857212
f	outputs/fruit.bin	2306:57412738:1662954740:2026-09-29 14:50:29.397743135 +0200:644:0:0	-
f	outputs/fruit.py	2306:57413086:9898:2026-09-29 15:00:10.574111151 +0200:644:0:0	bf7da8d32d2824435a03aaa9b351bd73fe843f5d19213b1ec5a819fb5c6b4282
f	outputs/input-table-values.py	2306:57413088:12694:2026-09-29 15:00:10.575111138 +0200:644:0:0	75759168029ebf54633aa690bf12d30991962060eae31a3802c474457c76d35c
d	outputs/__pycache__	2306:57413089:4096:2026-09-29 15:00:10.643110250 +0200:755:0:0	-
f	outputs/__pycache__/input-table-values.cpython-312.pyc	2306:57413091:19374:2026-09-29 15:00:10.643110250 +0200:644:0:0	1272dfbef1bcc17e26b771bcaa65e23f6ca59f56bbd943d29ef7a8001fcd06f7
f	outputs/__pycache__/seed.cpython-312.pyc	2306:57413090:35772:2026-09-29 15:00:10.641110276 +0200:644:0:0	5d8a18dc14d2c2067dd7fce37c1d8f98a96fad3308c3d91526f2024b9c0223d5
f	outputs/results.json	2306:57412739:2334:2026-09-29 14:50:37.983629644 +0200:644:0:0	d73ff89faa1d9836a94687d52010a5d34915e36ce2eb79ce4568a1f7557cf5aa
f	outputs/scan-chunks.jsonl	2306:57412732:83403:2026-09-29 14:43:29.909339333 +0200:644:0:0	10bedafa9e6585259c790e5d560e431b212c80acd22a91784023e1df8c360a6e
f	outputs/seed.py	2306:57413087:21127:2026-09-29 15:00:10.574111151 +0200:644:0:0	ed7ad22a434abe5518b0f27f9585942716d19652cd134a6f7c15004dda0aea42
f	tiktoken.model	2306:57811067:2795286:2026-10-01 10:40:14.549589892 +0200:644:0:0	-
f	vocabulary.bin	2306:57811171:1764931:2026-10-01 10:42:16.852176743 +0200:644:0:0	-
