normalization	STARTED
normalization	MOVED_AND_VERIFIED
client	STARTED
client	MOVED_AND_VERIFIED
server	STARTED
server	MOVED_AND_VERIFIED
tansformers/transformer-1	STARTED
tansformers/transformer-1	MOVED_AND_VERIFIED
tansformers/transformer-2	STARTED
tansformers/transformer-2	MOVED_AND_VERIFIED
tansformers/transformer-3	STARTED
tansformers/transformer-3	MOVED_AND_VERIFIED
tansformers/transformer-4	STARTED
tansformers/transformer-4	MOVED_AND_VERIFIED
tansformers/transformer-5	STARTED
tansformers/transformer-5	MOVED_AND_VERIFIED
tansformers/transformer-6	STARTED
tansformers/transformer-6	MOVED_AND_VERIFIED
tansformers/transformer-7	STARTED
tansformers/transformer-7	MOVED_AND_VERIFIED
tansformers/transformer-8	STARTED
tansformers/transformer-8	MOVED_AND_VERIFIED
tansformers/transformer-9	STARTED
tansformers/transformer-9	MOVED_AND_VERIFIED
tansformers/transformer-10	STARTED
tansformers/transformer-10	MOVED_AND_VERIFIED
tansformers/transformer-11	STARTED
tansformers/transformer-11	MOVED_AND_VERIFIED
tansformers/transformer-12	STARTED
tansformers/transformer-12	MOVED_AND_VERIFIED
tansformers/transformer-13	STARTED
tansformers/transformer-13	MOVED_AND_VERIFIED
tansformers/transformer-14	STARTED
tansformers/transformer-14	MOVED_AND_VERIFIED
tansformers/transformer-15	STARTED
tansformers/transformer-15	MOVED_AND_VERIFIED
tansformers/transformer-16	STARTED
tansformers/transformer-16	MOVED_AND_VERIFIED
tansformers/transformer-17	STARTED
tansformers/transformer-17	MOVED_AND_VERIFIED
tansformers/transformer-18	STARTED
tansformers/transformer-18	MOVED_AND_VERIFIED
tansformers/transformer-19	STARTED
tansformers/transformer-19	MOVED_AND_VERIFIED
tansformers/transformer-20	STARTED
tansformers/transformer-20	MOVED_AND_VERIFIED
tansformers/transformer-21	STARTED
tansformers/transformer-21	MOVED_AND_VERIFIED
tansformers/transformer-22	STARTED
tansformers/transformer-22	MOVED_AND_VERIFIED
tansformers/transformer-23	STARTED
tansformers/transformer-23	MOVED_AND_VERIFIED
tansformers/transformer-24	STARTED
tansformers/transformer-24	MOVED_AND_VERIFIED
tansformers/transformer-25	STARTED
tansformers/transformer-25	MOVED_AND_VERIFIED
tansformers/transformer-26	STARTED
tansformers/transformer-26	MOVED_AND_VERIFIED
tansformers/transformer-27	STARTED
tansformers/transformer-27	MOVED_AND_VERIFIED
tansformers/transformer-28	STARTED
tansformers/transformer-28	MOVED_AND_VERIFIED
tansformers/transformer-29	STARTED
tansformers/transformer-29	MOVED_AND_VERIFIED
tansformers/transformer-30	STARTED
tansformers/transformer-30	MOVED_AND_VERIFIED
tansformers/transformer-31	STARTED
tansformers/transformer-31	MOVED_AND_VERIFIED
tansformers/transformer-32	STARTED
tansformers/transformer-32	MOVED_AND_VERIFIED
tansformers/transformer-33	STARTED
tansformers/transformer-33	MOVED_AND_VERIFIED
tansformers/transformer-34	STARTED
tansformers/transformer-34	MOVED_AND_VERIFIED
tansformers/transformer-35	STARTED
tansformers/transformer-35	MOVED_AND_VERIFIED
tansformers/transformer-36	STARTED
tansformers/transformer-36	MOVED_AND_VERIFIED
tansformers/transformer-37	STARTED
tansformers/transformer-37	MOVED_AND_VERIFIED
tansformers/transformer-38	STARTED
tansformers/transformer-38	MOVED_AND_VERIFIED
tansformers/transformer-39	STARTED
tansformers/transformer-39	MOVED_AND_VERIFIED
tansformers/transformer-40	STARTED
tansformers/transformer-40	MOVED_AND_VERIFIED
tansformers/transformer-41	STARTED
tansformers/transformer-41	MOVED_AND_VERIFIED
tansformers/transformer-42	STARTED
tansformers/transformer-42	MOVED_AND_VERIFIED
tansformers/transformer-43	STARTED
tansformers/transformer-43	MOVED_AND_VERIFIED
tansformers/transformer-44	STARTED
tansformers/transformer-44	MOVED_AND_VERIFIED
tansformers/transformer-45	STARTED
tansformers/transformer-45	MOVED_AND_VERIFIED
tansformers/transformer-46	STARTED
tansformers/transformer-46	MOVED_AND_VERIFIED
tansformers/transformer-47	STARTED
tansformers/transformer-47	MOVED_AND_VERIFIED
tansformers/transformer-48	STARTED
tansformers/transformer-48	MOVED_AND_VERIFIED
tansformers/transformer-49	STARTED
tansformers/transformer-49	MOVED_AND_VERIFIED
tansformers/transformer-50	STARTED
tansformers/transformer-50	MOVED_AND_VERIFIED
tansformers/transformer-51	STARTED
tansformers/transformer-51	MOVED_AND_VERIFIED
tansformers/transformer-52	STARTED
tansformers/transformer-52	MOVED_AND_VERIFIED
tansformers/transformer-53	STARTED
tansformers/transformer-53	MOVED_AND_VERIFIED
tansformers/transformer-54	STARTED
tansformers/transformer-54	MOVED_AND_VERIFIED
tansformers/transformer-55	STARTED
tansformers/transformer-55	MOVED_AND_VERIFIED
tansformers/transformer-56	STARTED
tansformers/transformer-56	MOVED_AND_VERIFIED
tansformers/transformer-57	STARTED
tansformers/transformer-57	MOVED_AND_VERIFIED
tansformers/transformer-58	STARTED
tansformers/transformer-58	MOVED_AND_VERIFIED
tansformers/transformer-59	STARTED
tansformers/transformer-59	MOVED_AND_VERIFIED
tansformers/transformer-60	STARTED
tansformers/transformer-60	MOVED_AND_VERIFIED
tansformers/transformer-61	STARTED
tansformers/transformer-61	MOVED_AND_VERIFIED
tansformers/transformer-62	STARTED
tansformers/transformer-62	MOVED_AND_VERIFIED
tansformers/transformer-63	STARTED
tansformers/transformer-63	MOVED_AND_VERIFIED
tansformers/transformer-64	STARTED
tansformers/transformer-64	MOVED_AND_VERIFIED
tansformers/transformer-65	STARTED
tansformers/transformer-65	MOVED_AND_VERIFIED
tansformers/transformer-66	STARTED
tansformers/transformer-66	MOVED_AND_VERIFIED
tansformers/transformer-67	STARTED
tansformers/transformer-67	MOVED_AND_VERIFIED
tansformers/transformer-68	STARTED
tansformers/transformer-68	MOVED_AND_VERIFIED
tansformers/transformer-69	STARTED
tansformers/transformer-69	MOVED_AND_VERIFIED
tansformers/transformer-70	STARTED
tansformers/transformer-70	MOVED_AND_VERIFIED
tansformers/transformer-71	STARTED
tansformers/transformer-71	MOVED_AND_VERIFIED
tansformers/transformer-72	STARTED
tansformers/transformer-72	MOVED_AND_VERIFIED
tansformers/transformer-73	STARTED
tansformers/transformer-73	MOVED_AND_VERIFIED
tansformers/transformer-74	STARTED
tansformers/transformer-74	MOVED_AND_VERIFIED
tansformers/transformer-75	STARTED
tansformers/transformer-75	MOVED_AND_VERIFIED
tansformers/transformer-76	STARTED
tansformers/transformer-76	MOVED_AND_VERIFIED
tansformers/transformer-77	STARTED
tansformers/transformer-77	MOVED_AND_VERIFIED
tansformers/transformer-78	STARTED
tansformers/transformer-78	MOVED_AND_VERIFIED
tansformers/transformer-79	STARTED
tansformers/transformer-79	MOVED_AND_VERIFIED
tansformers/transformer-80	STARTED
tansformers/transformer-80	MOVED_AND_VERIFIED
tansformers/transformer-81	STARTED
tansformers/transformer-81	MOVED_AND_VERIFIED
tansformers/transformer-82	STARTED
tansformers/transformer-82	MOVED_AND_VERIFIED
tansformers/transformer-83	STARTED
tansformers/transformer-83	MOVED_AND_VERIFIED
tansformers/transformer-84	STARTED
tansformers/transformer-84	MOVED_AND_VERIFIED
tansformers/transformer-85	STARTED
tansformers/transformer-85	MOVED_AND_VERIFIED
tansformers/transformer-86	STARTED
tansformers/transformer-86	MOVED_AND_VERIFIED
tansformers/transformer-87	STARTED
tansformers/transformer-87	MOVED_AND_VERIFIED
tansformers/transformer-88	STARTED
tansformers/transformer-88	MOVED_AND_VERIFIED
tansformers/transformer-89	STARTED
tansformers/transformer-89	MOVED_AND_VERIFIED
tansformers/transformer-90	STARTED
tansformers/transformer-90	MOVED_AND_VERIFIED
tansformers/transformer-91	STARTED
tansformers/transformer-91	MOVED_AND_VERIFIED
tansformers/transformer-92	STARTED
tansformers/transformer-92	MOVED_AND_VERIFIED
