d	.	2306:57938710:4096:2026-10-02 06:59:45.539439150 +0200:755:0:0	-
f	README.md	2306:57938718:1801:2026-10-02 11:04:31.800190872 +0200:644:0:0	7acc8e33f223663101138e909837c120299b8cbb7429f23e09ee367d88cbc6d6
d	trunk-0	2306:57694857:4096:2026-10-01 03:27:05.978315154 +0200:755:0:0	-
f	trunk-0/build-values.json	2306:57694861:6327:2026-10-01 03:27:04.043340337 +0200:644:0:0	614409f91098620f27a471a04bc78a58d0f0e25503850a7b03dd04f95c906ded
f	trunk-0/common.bin	2306:57694858:176467968:2026-10-01 03:27:03.182351542 +0200:644:0:0	-
f	trunk-0/dense.bin	2306:57694860:726962176:2026-10-01 03:27:03.066353052 +0200:644:0:0	-
f	trunk-0/index.bin	2306:57694862:3040:2026-10-01 03:27:04.043340337 +0200:644:0:0	dd58a012a1e795a959f14f2c8bf114921018e7cecd668bf505e966cdd4868722
f	trunk-0/kda.bin	2306:57694859:268257536:2026-10-01 03:27:03.324349694 +0200:644:0:0	-
f	trunk-0/manifest.json	2306:57694863:13824:2026-10-01 03:27:05.978315154 +0200:644:0:0	23e5c8ebf271fb5ed8c5177f3bf30c5a925a7452bb561e2a907faaf5115df40c
d	trunk-0-qkv	2306:57805239:4096:2026-10-02 11:01:57.269203774 +0200:755:0:0	-
f	trunk-0-qkv/manifest.json	2306:57805242:1687:2026-10-01 08:44:28.582451335 +0200:644:0:0	b0ab37bc99bf78e003675188a9d7fe04c57e44102b4d3a9557df08330a6e7331
f	trunk-0-qkv/qkv-all-layer-0-manifest.json	2306:57807063:1863:2026-10-01 09:22:26.749888624 +0200:644:0:0	c9970e6194e2e5e33ada3c59ff5e6c5b6175bad21e57c46fada3f75332ac457e
f	trunk-0-qkv/qkv.bin	2306:57805240:265008216:2026-10-01 08:44:27.170468473 +0200:644:0:0	-
