d	.	2306:57940007:4096:2026-10-02 10:48:04.984036750 +0200:755:0:0	-
d	operators	2306:57940011:4096:2026-10-02 10:14:23.447282112 +0200:755:0:0	-
d	operators/qkv-all	2306:57940012:4096:2026-10-02 10:14:23.448282099 +0200:755:0:0	-
d	operators/qkv-all/layer-19	2306:57807634:4096:2026-10-01 09:33:09.092045522 +0200:755:0:0	-
f	operators/qkv-all/layer-19/manifest.json	2306:57807636:1888:2026-10-01 09:33:09.092045522 +0200:644:0:0	dec7acb12993daee81ca8ee4b933aa4380b015de9f2941f1e4d5903922472825
f	operators/qkv-all/layer-19/operator.bin	2306:57807635:56251936:2026-10-01 09:33:08.937047212 +0200:644:0:0	-
f	README.md	2306:57940574:288:2026-10-02 08:00:27.000000000 +0200:666:0:0	4f721a3634ea1978efe9907e0d1e4e0467ef61f610a53528820a2e97ff5e671f
d	root-19	2306:57685903:4096:2026-09-30 12:17:29.999420440 +0200:755:0:0	-
f	root-19/build-verification.json	2306:57685909:675:2026-09-30 12:10:23.051730018 +0200:644:0:0	e47443f1effd5ee42b55d4aa030f478fdc140a1892479b6fac5d484ebc9fff1f
f	root-19/constants.bin	2306:57685904:788:2026-09-30 12:08:16.147292061 +0200:644:0:0	adc073960128e67e093790dbe25e48a46bb19fc8cee22c60404e44ada12eace9
f	root-19/experts.bin	2306:57685908:14147791170:2026-09-30 12:10:15.811819391 +0200:644:0:0	-
f	root-19/maps.json	2306:57685907:22535:2026-09-30 12:08:16.149292036 +0200:644:0:0	0a803d082b471574bb89a325da5cc1a7aaeba6a49f794cfa5eb31bf651a315a6
f	root-19/model-integration-sequential.json	2306:57685978:990:2026-09-30 12:17:16.421590198 +0200:644:0:0	044a2e87e3e882d6a34cb4d2a1a4f5d10fd83b00a4bf325ce889d777d42bc03d
f	root-19/native-recovery.stderr	2306:57685910:0:2026-09-30 12:10:23.051730018 +0200:644:0:0	e3b0c44298fc1c149afbf4c8996fb92427ae41e4649b934ca495991b7852b855
d	root-19/observations	2306:57685961:4096:2026-10-02 05:25:09.026696221 +0200:755:0:0	-
d	root-19/observations/france	2306:57685962:4096:2026-09-30 12:17:16.409590348 +0200:755:0:0	-
f	root-19/observations/france/functions.json	2306:57685966:72:2026-09-30 12:14:14.110864693 +0200:644:0:0	ffc03eb0451903051ec475ac691374bc27df1ac01049fcc6f58fe4a253f97a08
f	root-19/observations/france/inputs.f32	2306:57685964:1146880:2026-09-30 12:13:53.543120639 +0200:644:0:0	-
f	root-19/observations/france/launch.json	2306:57685968:1263:2026-09-30 12:12:45.866961693 +0200:644:0:0	370a6b01f4ce5e3bae47b1fef6e70e7e08fe8b42b7521db1953c031ae88f00e5
f	root-19/observations/france/reader.json	2306:57685967:664:2026-09-30 12:14:14.110864693 +0200:644:0:0	8cb609da537d158710a227226e2da8c1c7a2a1bd3f09d2968e607dfd9ea2796e
f	root-19/observations/france/record-format.json	2306:57685969:1167:2026-09-30 12:17:16.411590323 +0200:644:0:0	d476e19ab190840a39813c1487d9759dfc31b8cc78a2726dc2da9afbc3c4eec3
f	root-19/observations/france/results.bin	2306:57685963:4096320:2026-09-30 12:13:53.543120639 +0200:644:0:0	-
f	root-19/observations/france/routes.tsv	2306:57685965:33111:2026-09-30 12:14:14.110864693 +0200:644:0:0	f4b05d9f1e80e28b637eab3f846c78ffebd407f6c3c4eb5bacafe44b65799f6d
d	root-19/observations/japan	2306:57685970:4096:2026-09-30 12:17:16.421590198 +0200:755:0:0	-
f	root-19/observations/japan/functions.json	2306:57685974:72:2026-09-30 12:17:11.234655036 +0200:644:0:0	e1910c47b22b6d7b2a23dada02f3cf46e08f7c9123717808df1107c118eb182b
f	root-19/observations/japan/inputs.f32	2306:57685972:1146880:2026-09-30 12:16:54.261867155 +0200:644:0:0	-
f	root-19/observations/japan/launch.json	2306:57685976:1256:2026-09-30 12:15:47.486700950 +0200:644:0:0	8b7d510caa758788dd512b2faacbb3af9b7426cb77858ab4e651c653e2f447a3
f	root-19/observations/japan/reader.json	2306:57685975:664:2026-09-30 12:17:11.234655036 +0200:644:0:0	4822d76679dee521559d8cc43fbe08e7a60e28d591a74d4e1ce0cecd341cb7ce
f	root-19/observations/japan/record-format.json	2306:57685977:1166:2026-09-30 12:17:16.421590198 +0200:644:0:0	19d1f301bceb1c37e2755bc42c4fa3a8ac669ff2b5fb3cf4e708bb6d1acb6fe4
f	root-19/observations/japan/results.bin	2306:57685971:4096320:2026-09-30 12:16:54.261867155 +0200:644:0:0	-
f	root-19/observations/japan/routes.tsv	2306:57685973:33114:2026-09-30 12:17:11.235655024 +0200:644:0:0	46e4910f35760708eca949f74763a52c5a1162fbe0c996836aed2b6227b29138
f	root-19/original-header.bin	2306:57685906:823016:2026-09-30 12:08:16.148292049 +0200:644:0:0	5c77bd402814b68026ecf0bdbec5e0b2dc3c5e38220740199d541186d8d0b74c
f	root-19/source-layout.bin	2306:57685905:736536:2026-09-30 12:08:16.148292049 +0200:644:0:0	72c45db78ed6b51b825a25f596e427cc3c30d06c0d96310065fbc3fedf283f0e
f	root-19/source-recovery.json	2306:57685911:1297583:2026-09-30 12:11:15.548081151 +0200:644:0:0	-
f	root-19/source-retired.json	2306:57685981:278:2026-09-30 12:17:29.999420440 +0200:644:0:0	09a7d351c1e2d0f8798ee07ea1a1cb6d23cbd2e068f070ce70394f871d9afcf3
f	root-19/source-retirement-plan.json	2306:57685980:903:2026-09-30 12:17:29.078431956 +0200:644:0:0	67d6b9cbfa64f10dede9dd130b641f42c2a670ef67dbc5686dca2a57a1b48ab4
d	trunk-19	2306:57700151:4096:2026-10-01 06:14:31.295541862 +0200:755:0:0	-
f	trunk-19/attention.bin	2306:57700153:56221952:2026-10-01 06:06:44.303527550 +0200:644:0:0	-
f	trunk-19/build-values.json	2306:57700155:5916:2026-10-01 06:06:44.500525135 +0200:644:0:0	3979ba707e3cf397cc92a90b282faee42ad5f5c77d913a2533041bd6d4d15b73
f	trunk-19/common.bin	2306:57700152:176467968:2026-10-01 06:06:44.171529169 +0200:644:0:0	-
f	trunk-19/index.bin	2306:57700156:2896:2026-10-01 06:06:44.500525135 +0200:644:0:0	e37e0b3dcaaadc90caffc4c12ab19b1d7106cab4d28e8c5ffad9fbd7c248cdee
f	trunk-19/manifest.json	2306:57700157:7736:2026-10-01 06:06:45.959507245 +0200:644:0:0	f874ed8ff652f60c3f605ac965e33877edd2a440d298102b49d86378db51d900
f	trunk-19/model-validation.json	2306:57700474:490:2026-10-01 06:14:31.295541862 +0200:644:0:0	1e9c007c5fe4ce0c827cc6db715417b33701b5b5b3ee92acdbd92ca9cdaa4dbc
f	trunk-19/routed-shared.bin	2306:57700154:209329664:2026-10-01 06:06:44.345527035 +0200:644:0:0	-
