/opt/clover-k3/clover-intelegence/dataset/trunk-73	/opt/clover-k3/clover-intelegence/code/tansformers/transformer-73/bin/dataset/trunk-73	/opt/clover-k3/clover-intelegence/dataset/tansformers/transformer-73/trunk-73	2306:57825200
/opt/clover-k3/clover-intelegence/dataset/trunk-88	/opt/clover-k3/clover-intelegence/code/tansformers/transformer-88/bin/dataset/trunk-88	/opt/clover-k3/clover-intelegence/dataset/tansformers/transformer-88/trunk-88	2306:57835492
/opt/clover-k3/clover-intelegence/dataset/trunk-54	/opt/clover-k3/clover-intelegence/code/tansformers/transformer-54/bin/dataset/trunk-54	/opt/clover-k3/clover-intelegence/dataset/tansformers/transformer-54/trunk-54	2306:57813890
/opt/clover-k3/clover-intelegence/dataset/root-37	/opt/clover-k3/clover-intelegence/code/tansformers/transformer-37/bin/dataset/root-37	/opt/clover-k3/clover-intelegence/dataset/tansformers/transformer-37/root-37	2306:57687349
/opt/clover-k3/clover-intelegence/dataset/trunk-50	/opt/clover-k3/clover-intelegence/code/tansformers/transformer-50/bin/dataset/trunk-50	/opt/clover-k3/clover-intelegence/dataset/tansformers/transformer-50/trunk-50	2306:57811813
/opt/clover-k3/clover-intelegence/dataset/root-4	/opt/clover-k3/clover-intelegence/code/tansformers/transformer-4/bin/dataset/root-4	/opt/clover-k3/clover-intelegence/dataset/tansformers/transformer-4/root-4	2306:57684702
/opt/clover-k3/clover-intelegence/dataset/root-1	/opt/clover-k3/clover-intelegence/code/tansformers/transformer-1/bin/dataset/root-1	/opt/clover-k3/clover-intelegence/dataset/tansformers/transformer-1/root-1	2306:57682462
/opt/clover-k3/clover-intelegence/dataset/trunk-5	/opt/clover-k3/clover-intelegence/code/tansformers/transformer-5/bin/dataset/trunk-5	/opt/clover-k3/clover-intelegence/dataset/tansformers/transformer-5/trunk-5	2306:57696301
/opt/clover-k3/clover-intelegence/dataset/root-62	/opt/clover-k3/clover-intelegence/code/tansformers/transformer-62/bin/dataset/root-62	/opt/clover-k3/clover-intelegence/dataset/tansformers/transformer-62/root-62	2306:57689718
/opt/clover-k3/clover-intelegence/dataset/root-14	/opt/clover-k3/clover-intelegence/code/tansformers/transformer-14/bin/dataset/root-14	/opt/clover-k3/clover-intelegence/dataset/tansformers/transformer-14/root-14	2306:57685503
/opt/clover-k3/clover-intelegence/dataset/root-19	/opt/clover-k3/clover-intelegence/code/tansformers/transformer-19/bin/dataset/root-19	/opt/clover-k3/clover-intelegence/dataset/tansformers/transformer-19/root-19	2306:57685903
/opt/clover-k3/clover-intelegence/dataset/operators/qkv-all/layer-16	/opt/clover-k3/clover-intelegence/code/tansformers/transformer-16/bin/dataset/operators/qkv-all/layer-16	/opt/clover-k3/clover-intelegence/dataset/tansformers/transformer-16/operators/qkv-all/layer-16	2306:57807622
/opt/clover-k3/clover-intelegence/dataset/operators/qkv-all/layer-42	/opt/clover-k3/clover-intelegence/code/tansformers/transformer-42/bin/dataset/operators/qkv-all/layer-42	/opt/clover-k3/clover-intelegence/dataset/tansformers/transformer-42/operators/qkv-all/layer-42	2306:57807721
/opt/clover-k3/clover-intelegence/dataset/operators/qkv-all/layer-49	/opt/clover-k3/clover-intelegence/code/tansformers/transformer-49/bin/dataset/operators/qkv-all/layer-49	/opt/clover-k3/clover-intelegence/dataset/tansformers/transformer-49/operators/qkv-all/layer-49	2306:57807742
/opt/clover-k3/clover-intelegence/dataset/operators/qkv-all/layer-11	/opt/clover-k3/clover-intelegence/code/tansformers/transformer-11/bin/dataset/operators/qkv-all/layer-11	/opt/clover-k3/clover-intelegence/dataset/tansformers/transformer-11/operators/qkv-all/layer-11	2306:57807604
/opt/clover-k3/clover-intelegence/dataset/operators/qkv-all/layer-32	/opt/clover-k3/clover-intelegence/code/tansformers/transformer-32/bin/dataset/operators/qkv-all/layer-32	/opt/clover-k3/clover-intelegence/dataset/tansformers/transformer-32/operators/qkv-all/layer-32	2306:57807683
/opt/clover-k3/clover-intelegence/dataset/operators/qkv-all/layer-55	/opt/clover-k3/clover-intelegence/code/tansformers/transformer-55/bin/dataset/operators/qkv-all/layer-55	/opt/clover-k3/clover-intelegence/dataset/tansformers/transformer-55/operators/qkv-all/layer-55	2306:57807760
/opt/clover-k3/clover-intelegence/dataset/operators/qkv-all/layer-86	/opt/clover-k3/clover-intelegence/code/tansformers/transformer-86/bin/dataset/operators/qkv-all/layer-86	/opt/clover-k3/clover-intelegence/dataset/tansformers/transformer-86/operators/qkv-all/layer-86	2306:57807893
/opt/clover-k3/clover-intelegence/dataset/operators/qkv-all/layer-89	/opt/clover-k3/clover-intelegence/code/tansformers/transformer-89/bin/dataset/operators/qkv-all/layer-89	/opt/clover-k3/clover-intelegence/dataset/tansformers/transformer-89/operators/qkv-all/layer-89	2306:57807904
/opt/clover-k3/clover-intelegence/dataset/operators/qkv-all/layer-66	/opt/clover-k3/clover-intelegence/code/tansformers/transformer-66/bin/dataset/operators/qkv-all/layer-66	/opt/clover-k3/clover-intelegence/dataset/tansformers/transformer-66/operators/qkv-all/layer-66	2306:57807807
/opt/clover-k3/clover-intelegence/dataset/operators/qkv-all/layer-70	/opt/clover-k3/clover-intelegence/code/tansformers/transformer-70/bin/dataset/operators/qkv-all/layer-70	/opt/clover-k3/clover-intelegence/dataset/tansformers/transformer-70/operators/qkv-all/layer-70	2306:57807831
/opt/clover-k3/clover-intelegence/dataset/operators/qkv-all/layer-52	/opt/clover-k3/clover-intelegence/code/tansformers/transformer-52/bin/dataset/operators/qkv-all/layer-52	/opt/clover-k3/clover-intelegence/dataset/tansformers/transformer-52/operators/qkv-all/layer-52	2306:57807751
/opt/clover-k3/clover-intelegence/dataset/operators/qkv-all/layer-65	/opt/clover-k3/clover-intelegence/code/tansformers/transformer-65/bin/dataset/operators/qkv-all/layer-65	/opt/clover-k3/clover-intelegence/dataset/tansformers/transformer-65/operators/qkv-all/layer-65	2306:57807792
/opt/clover-k3/clover-intelegence/dataset/operators/qkv-all/layer-25	/opt/clover-k3/clover-intelegence/code/tansformers/transformer-25/bin/dataset/operators/qkv-all/layer-25	/opt/clover-k3/clover-intelegence/dataset/tansformers/transformer-25/operators/qkv-all/layer-25	2306:57807657
/opt/clover-k3/clover-intelegence/dataset/operators/qkv-all/layer-18	/opt/clover-k3/clover-intelegence/code/tansformers/transformer-18/bin/dataset/operators/qkv-all/layer-18	/opt/clover-k3/clover-intelegence/dataset/tansformers/transformer-18/operators/qkv-all/layer-18	2306:57807630
/opt/clover-k3/clover-intelegence/dataset/operators/qkv-all/layer-17	/opt/clover-k3/clover-intelegence/code/tansformers/transformer-17/bin/dataset/operators/qkv-all/layer-17	/opt/clover-k3/clover-intelegence/dataset/tansformers/transformer-17/operators/qkv-all/layer-17	2306:57807626
/opt/clover-k3/clover-intelegence/dataset/operators/qkv-all/layer-72	/opt/clover-k3/clover-intelegence/code/tansformers/transformer-72/bin/dataset/operators/qkv-all/layer-72	/opt/clover-k3/clover-intelegence/dataset/tansformers/transformer-72/operators/qkv-all/layer-72	2306:57807838
/opt/clover-k3/clover-intelegence/dataset/operators/qkv-all/layer-92	/opt/clover-k3/clover-intelegence/code/tansformers/transformer-92/bin/dataset/operators/qkv-all/layer-92	/opt/clover-k3/clover-intelegence/dataset/tansformers/transformer-92/operators/qkv-all/layer-92	2306:57807915
/opt/clover-k3/clover-intelegence/dataset/operators/qkv-all/layer-29	/opt/clover-k3/clover-intelegence/code/tansformers/transformer-29/bin/dataset/operators/qkv-all/layer-29	/opt/clover-k3/clover-intelegence/dataset/tansformers/transformer-29/operators/qkv-all/layer-29	2306:57807672
/opt/clover-k3/clover-intelegence/dataset/operators/qkv-all/layer-77	/opt/clover-k3/clover-intelegence/code/tansformers/transformer-77/bin/dataset/operators/qkv-all/layer-77	/opt/clover-k3/clover-intelegence/dataset/tansformers/transformer-77/operators/qkv-all/layer-77	2306:57807858
/opt/clover-k3/clover-intelegence/dataset/operators/qkv-all/layer-12	/opt/clover-k3/clover-intelegence/code/tansformers/transformer-12/bin/dataset/operators/qkv-all/layer-12	/opt/clover-k3/clover-intelegence/dataset/tansformers/transformer-12/operators/qkv-all/layer-12	2306:57807607
/opt/clover-k3/clover-intelegence/dataset/operators/qkv-all/layer-73	/opt/clover-k3/clover-intelegence/code/tansformers/transformer-73/bin/dataset/operators/qkv-all/layer-73	/opt/clover-k3/clover-intelegence/dataset/tansformers/transformer-73/operators/qkv-all/layer-73	2306:57807842
/opt/clover-k3/clover-intelegence/dataset/operators/qkv-all/layer-58	/opt/clover-k3/clover-intelegence/code/tansformers/transformer-58/bin/dataset/operators/qkv-all/layer-58	/opt/clover-k3/clover-intelegence/dataset/tansformers/transformer-58/operators/qkv-all/layer-58	2306:57807769
/opt/clover-k3/clover-intelegence/dataset/operators/qkv-all/layer-84	/opt/clover-k3/clover-intelegence/code/tansformers/transformer-84/bin/dataset/operators/qkv-all/layer-84	/opt/clover-k3/clover-intelegence/dataset/tansformers/transformer-84/operators/qkv-all/layer-84	2306:57807884
/opt/clover-k3/clover-intelegence/dataset/operators/qkv-all/layer-37	/opt/clover-k3/clover-intelegence/code/tansformers/transformer-37/bin/dataset/operators/qkv-all/layer-37	/opt/clover-k3/clover-intelegence/dataset/tansformers/transformer-37/operators/qkv-all/layer-37	2306:57807702
/opt/clover-k3/clover-intelegence/dataset/operators/qkv-all/layer-8	/opt/clover-k3/clover-intelegence/code/tansformers/transformer-8/bin/dataset/operators/qkv-all/layer-8	/opt/clover-k3/clover-intelegence/dataset/tansformers/transformer-8/operators/qkv-all/layer-8	2306:57807590
/opt/clover-k3/clover-intelegence/dataset/operators/qkv-all/layer-69	/opt/clover-k3/clover-intelegence/code/tansformers/transformer-69/bin/dataset/operators/qkv-all/layer-69	/opt/clover-k3/clover-intelegence/dataset/tansformers/transformer-69/operators/qkv-all/layer-69	2306:57807827
/opt/clover-k3/clover-intelegence/dataset/operators/qkv-all/layer-43	/opt/clover-k3/clover-intelegence/code/tansformers/transformer-43/bin/dataset/operators/qkv-all/layer-43	/opt/clover-k3/clover-intelegence/dataset/tansformers/transformer-43/operators/qkv-all/layer-43	2306:57807724
/opt/clover-k3/clover-intelegence/dataset/operators/qkv-all/layer-80	/opt/clover-k3/clover-intelegence/code/tansformers/transformer-80/bin/dataset/operators/qkv-all/layer-80	/opt/clover-k3/clover-intelegence/dataset/tansformers/transformer-80/operators/qkv-all/layer-80	2306:57807869
/opt/clover-k3/clover-intelegence/dataset/operators/qkv-all/layer-24	/opt/clover-k3/clover-intelegence/code/tansformers/transformer-24/bin/dataset/operators/qkv-all/layer-24	/opt/clover-k3/clover-intelegence/dataset/tansformers/transformer-24/operators/qkv-all/layer-24	2306:57807653
/opt/clover-k3/clover-intelegence/dataset/operators/qkv-all/layer-74	/opt/clover-k3/clover-intelegence/code/tansformers/transformer-74/bin/dataset/operators/qkv-all/layer-74	/opt/clover-k3/clover-intelegence/dataset/tansformers/transformer-74/operators/qkv-all/layer-74	2306:57807847
/opt/clover-k3/clover-intelegence/dataset/operators/qkv-all/layer-54	/opt/clover-k3/clover-intelegence/code/tansformers/transformer-54/bin/dataset/operators/qkv-all/layer-54	/opt/clover-k3/clover-intelegence/dataset/tansformers/transformer-54/operators/qkv-all/layer-54	2306:57807757
/opt/clover-k3/clover-intelegence/dataset/operators/qkv-all/layer-44	/opt/clover-k3/clover-intelegence/code/tansformers/transformer-44/bin/dataset/operators/qkv-all/layer-44	/opt/clover-k3/clover-intelegence/dataset/tansformers/transformer-44/operators/qkv-all/layer-44	2306:57807727
/opt/clover-k3/clover-intelegence/dataset/operators/qkv-all/layer-20	/opt/clover-k3/clover-intelegence/code/tansformers/transformer-20/bin/dataset/operators/qkv-all/layer-20	/opt/clover-k3/clover-intelegence/dataset/tansformers/transformer-20/operators/qkv-all/layer-20	2306:57807637
/opt/clover-k3/clover-intelegence/dataset/operators/qkv-all/layer-81	/opt/clover-k3/clover-intelegence/code/tansformers/transformer-81/bin/dataset/operators/qkv-all/layer-81	/opt/clover-k3/clover-intelegence/dataset/tansformers/transformer-81/operators/qkv-all/layer-81	2306:57807873
/opt/clover-k3/clover-intelegence/dataset/operators/qkv-all/layer-61	/opt/clover-k3/clover-intelegence/code/tansformers/transformer-61/bin/dataset/operators/qkv-all/layer-61	/opt/clover-k3/clover-intelegence/dataset/tansformers/transformer-61/operators/qkv-all/layer-61	2306:57807778
/opt/clover-k3/clover-intelegence/dataset/operators/qkv-all/layer-23	/opt/clover-k3/clover-intelegence/code/tansformers/transformer-23/bin/dataset/operators/qkv-all/layer-23	/opt/clover-k3/clover-intelegence/dataset/tansformers/transformer-23/operators/qkv-all/layer-23	2306:57807650
/opt/clover-k3/clover-intelegence/dataset/operators/qkv-all/layer-34	/opt/clover-k3/clover-intelegence/code/tansformers/transformer-34/bin/dataset/operators/qkv-all/layer-34	/opt/clover-k3/clover-intelegence/dataset/tansformers/transformer-34/operators/qkv-all/layer-34	2306:57807691
/opt/clover-k3/clover-intelegence/dataset/operators/qkv-all/layer-59	/opt/clover-k3/clover-intelegence/code/tansformers/transformer-59/bin/dataset/operators/qkv-all/layer-59	/opt/clover-k3/clover-intelegence/dataset/tansformers/transformer-59/operators/qkv-all/layer-59	2306:57807772
/opt/clover-k3/clover-intelegence/dataset/operators/qkv-all/layer-63	/opt/clover-k3/clover-intelegence/code/tansformers/transformer-63/bin/dataset/operators/qkv-all/layer-63	/opt/clover-k3/clover-intelegence/dataset/tansformers/transformer-63/operators/qkv-all/layer-63	2306:57807784
/opt/clover-k3/clover-intelegence/dataset/operators/qkv-all/layer-15	/opt/clover-k3/clover-intelegence/code/tansformers/transformer-15/bin/dataset/operators/qkv-all/layer-15	/opt/clover-k3/clover-intelegence/dataset/tansformers/transformer-15/operators/qkv-all/layer-15	2306:57807619
/opt/clover-k3/clover-intelegence/dataset/operators/qkv-all/layer-33	/opt/clover-k3/clover-intelegence/code/tansformers/transformer-33/bin/dataset/operators/qkv-all/layer-33	/opt/clover-k3/clover-intelegence/dataset/tansformers/transformer-33/operators/qkv-all/layer-33	2306:57807687
/opt/clover-k3/clover-intelegence/dataset/operators/qkv-all/layer-13	/opt/clover-k3/clover-intelegence/code/tansformers/transformer-13/bin/dataset/operators/qkv-all/layer-13	/opt/clover-k3/clover-intelegence/dataset/tansformers/transformer-13/operators/qkv-all/layer-13	2306:57807611
/opt/clover-k3/clover-intelegence/dataset/operators/qkv-all/layer-28	/opt/clover-k3/clover-intelegence/code/tansformers/transformer-28/bin/dataset/operators/qkv-all/layer-28	/opt/clover-k3/clover-intelegence/dataset/tansformers/transformer-28/operators/qkv-all/layer-28	2306:57807668
/opt/clover-k3/clover-intelegence/dataset/operators/qkv-all/layer-26	/opt/clover-k3/clover-intelegence/code/tansformers/transformer-26/bin/dataset/operators/qkv-all/layer-26	/opt/clover-k3/clover-intelegence/dataset/tansformers/transformer-26/operators/qkv-all/layer-26	2306:57807661
/opt/clover-k3/clover-intelegence/dataset/operators/qkv-all/layer-47	/opt/clover-k3/clover-intelegence/code/tansformers/transformer-47/bin/dataset/operators/qkv-all/layer-47	/opt/clover-k3/clover-intelegence/dataset/tansformers/transformer-47/operators/qkv-all/layer-47	2306:57807736
/opt/clover-k3/clover-intelegence/dataset/operators/qkv-all/layer-83	/opt/clover-k3/clover-intelegence/code/tansformers/transformer-83/bin/dataset/operators/qkv-all/layer-83	/opt/clover-k3/clover-intelegence/dataset/tansformers/transformer-83/operators/qkv-all/layer-83	2306:57807881
/opt/clover-k3/clover-intelegence/dataset/operators/qkv-all/layer-6	/opt/clover-k3/clover-intelegence/code/tansformers/transformer-6/bin/dataset/operators/qkv-all/layer-6	/opt/clover-k3/clover-intelegence/dataset/tansformers/transformer-6/operators/qkv-all/layer-6	2306:57807582
/opt/clover-k3/clover-intelegence/dataset/operators/qkv-all/layer-67	/opt/clover-k3/clover-intelegence/code/tansformers/transformer-67/bin/dataset/operators/qkv-all/layer-67	/opt/clover-k3/clover-intelegence/dataset/tansformers/transformer-67/operators/qkv-all/layer-67	2306:57807818
/opt/clover-k3/clover-intelegence/dataset/operators/qkv-all/layer-75	/opt/clover-k3/clover-intelegence/code/tansformers/transformer-75/bin/dataset/operators/qkv-all/layer-75	/opt/clover-k3/clover-intelegence/dataset/tansformers/transformer-75/operators/qkv-all/layer-75	2306:57807850
/opt/clover-k3/clover-intelegence/dataset/operators/qkv-all/layer-85	/opt/clover-k3/clover-intelegence/code/tansformers/transformer-85/bin/dataset/operators/qkv-all/layer-85	/opt/clover-k3/clover-intelegence/dataset/tansformers/transformer-85/operators/qkv-all/layer-85	2306:57807888
/opt/clover-k3/clover-intelegence/dataset/operators/qkv-all/layer-78	/opt/clover-k3/clover-intelegence/code/tansformers/transformer-78/bin/dataset/operators/qkv-all/layer-78	/opt/clover-k3/clover-intelegence/dataset/tansformers/transformer-78/operators/qkv-all/layer-78	2306:57807862
/opt/clover-k3/clover-intelegence/dataset/operators/qkv-all/layer-79	/opt/clover-k3/clover-intelegence/code/tansformers/transformer-79/bin/dataset/operators/qkv-all/layer-79	/opt/clover-k3/clover-intelegence/dataset/tansformers/transformer-79/operators/qkv-all/layer-79	2306:57807866
/opt/clover-k3/clover-intelegence/dataset/operators/qkv-all/layer-5	/opt/clover-k3/clover-intelegence/code/tansformers/transformer-5/bin/dataset/operators/qkv-all/layer-5	/opt/clover-k3/clover-intelegence/dataset/tansformers/transformer-5/operators/qkv-all/layer-5	2306:57807578
/opt/clover-k3/clover-intelegence/dataset/operators/qkv-all/layer-87	/opt/clover-k3/clover-intelegence/code/tansformers/transformer-87/bin/dataset/operators/qkv-all/layer-87	/opt/clover-k3/clover-intelegence/dataset/tansformers/transformer-87/operators/qkv-all/layer-87	2306:57807897
/opt/clover-k3/clover-intelegence/dataset/operators/qkv-all/layer-50	/opt/clover-k3/clover-intelegence/code/tansformers/transformer-50/bin/dataset/operators/qkv-all/layer-50	/opt/clover-k3/clover-intelegence/dataset/tansformers/transformer-50/operators/qkv-all/layer-50	2306:57807745
/opt/clover-k3/clover-intelegence/dataset/operators/qkv-all/layer-3	/opt/clover-k3/clover-intelegence/code/tansformers/transformer-3/bin/dataset/operators/qkv-all/layer-3	/opt/clover-k3/clover-intelegence/dataset/tansformers/transformer-3/operators/qkv-all/layer-3	2306:57807075
/opt/clover-k3/clover-intelegence/dataset/operators/qkv-all/layer-38	/opt/clover-k3/clover-intelegence/code/tansformers/transformer-38/bin/dataset/operators/qkv-all/layer-38	/opt/clover-k3/clover-intelegence/dataset/tansformers/transformer-38/operators/qkv-all/layer-38	2306:57807706
/opt/clover-k3/clover-intelegence/dataset/operators/qkv-all/layer-62	/opt/clover-k3/clover-intelegence/code/tansformers/transformer-62/bin/dataset/operators/qkv-all/layer-62	/opt/clover-k3/clover-intelegence/dataset/tansformers/transformer-62/operators/qkv-all/layer-62	2306:57807781
/opt/clover-k3/clover-intelegence/dataset/operators/qkv-all/layer-76	/opt/clover-k3/clover-intelegence/code/tansformers/transformer-76/bin/dataset/operators/qkv-all/layer-76	/opt/clover-k3/clover-intelegence/dataset/tansformers/transformer-76/operators/qkv-all/layer-76	2306:57807854
/opt/clover-k3/clover-intelegence/dataset/operators/qkv-all/layer-60	/opt/clover-k3/clover-intelegence/code/tansformers/transformer-60/bin/dataset/operators/qkv-all/layer-60	/opt/clover-k3/clover-intelegence/dataset/tansformers/transformer-60/operators/qkv-all/layer-60	2306:57807775
/opt/clover-k3/clover-intelegence/dataset/operators/qkv-all/layer-1	/opt/clover-k3/clover-intelegence/code/tansformers/transformer-1/bin/dataset/operators/qkv-all/layer-1	/opt/clover-k3/clover-intelegence/dataset/tansformers/transformer-1/operators/qkv-all/layer-1	2306:57807065
/opt/clover-k3/clover-intelegence/dataset/operators/qkv-all/layer-64	/opt/clover-k3/clover-intelegence/code/tansformers/transformer-64/bin/dataset/operators/qkv-all/layer-64	/opt/clover-k3/clover-intelegence/dataset/tansformers/transformer-64/operators/qkv-all/layer-64	2306:57807787
/opt/clover-k3/clover-intelegence/dataset/operators/qkv-all/layer-27	/opt/clover-k3/clover-intelegence/code/tansformers/transformer-27/bin/dataset/operators/qkv-all/layer-27	/opt/clover-k3/clover-intelegence/dataset/tansformers/transformer-27/operators/qkv-all/layer-27	2306:57807665
/opt/clover-k3/clover-intelegence/dataset/operators/qkv-all/layer-35	/opt/clover-k3/clover-intelegence/code/tansformers/transformer-35/bin/dataset/operators/qkv-all/layer-35	/opt/clover-k3/clover-intelegence/dataset/tansformers/transformer-35/operators/qkv-all/layer-35	2306:57807695
/opt/clover-k3/clover-intelegence/dataset/operators/qkv-all/layer-19	/opt/clover-k3/clover-intelegence/code/tansformers/transformer-19/bin/dataset/operators/qkv-all/layer-19	/opt/clover-k3/clover-intelegence/dataset/tansformers/transformer-19/operators/qkv-all/layer-19	2306:57807634
/opt/clover-k3/clover-intelegence/dataset/operators/qkv-all/layer-82	/opt/clover-k3/clover-intelegence/code/tansformers/transformer-82/bin/dataset/operators/qkv-all/layer-82	/opt/clover-k3/clover-intelegence/dataset/tansformers/transformer-82/operators/qkv-all/layer-82	2306:57807877
/opt/clover-k3/clover-intelegence/dataset/operators/qkv-all/layer-48	/opt/clover-k3/clover-intelegence/code/tansformers/transformer-48/bin/dataset/operators/qkv-all/layer-48	/opt/clover-k3/clover-intelegence/dataset/tansformers/transformer-48/operators/qkv-all/layer-48	2306:57807739
/opt/clover-k3/clover-intelegence/dataset/operators/qkv-all/layer-21	/opt/clover-k3/clover-intelegence/code/tansformers/transformer-21/bin/dataset/operators/qkv-all/layer-21	/opt/clover-k3/clover-intelegence/dataset/tansformers/transformer-21/operators/qkv-all/layer-21	2306:57807641
/opt/clover-k3/clover-intelegence/dataset/operators/qkv-all/layer-31	/opt/clover-k3/clover-intelegence/code/tansformers/transformer-31/bin/dataset/operators/qkv-all/layer-31	/opt/clover-k3/clover-intelegence/dataset/tansformers/transformer-31/operators/qkv-all/layer-31	2306:57807680
/opt/clover-k3/clover-intelegence/dataset/operators/qkv-all/layer-14	/opt/clover-k3/clover-intelegence/code/tansformers/transformer-14/bin/dataset/operators/qkv-all/layer-14	/opt/clover-k3/clover-intelegence/dataset/tansformers/transformer-14/operators/qkv-all/layer-14	2306:57807615
/opt/clover-k3/clover-intelegence/dataset/operators/qkv-all/layer-39	/opt/clover-k3/clover-intelegence/code/tansformers/transformer-39/bin/dataset/operators/qkv-all/layer-39	/opt/clover-k3/clover-intelegence/dataset/tansformers/transformer-39/operators/qkv-all/layer-39	2306:57807710
/opt/clover-k3/clover-intelegence/dataset/operators/qkv-all/layer-22	/opt/clover-k3/clover-intelegence/code/tansformers/transformer-22/bin/dataset/operators/qkv-all/layer-22	/opt/clover-k3/clover-intelegence/dataset/tansformers/transformer-22/operators/qkv-all/layer-22	2306:57807646
/opt/clover-k3/clover-intelegence/dataset/operators/qkv-all/layer-45	/opt/clover-k3/clover-intelegence/code/tansformers/transformer-45/bin/dataset/operators/qkv-all/layer-45	/opt/clover-k3/clover-intelegence/dataset/tansformers/transformer-45/operators/qkv-all/layer-45	2306:57807730
/opt/clover-k3/clover-intelegence/dataset/operators/qkv-all/layer-9	/opt/clover-k3/clover-intelegence/code/tansformers/transformer-9/bin/dataset/operators/qkv-all/layer-9	/opt/clover-k3/clover-intelegence/dataset/tansformers/transformer-9/operators/qkv-all/layer-9	2306:57807595
/opt/clover-k3/clover-intelegence/dataset/operators/qkv-all/layer-90	/opt/clover-k3/clover-intelegence/code/tansformers/transformer-90/bin/dataset/operators/qkv-all/layer-90	/opt/clover-k3/clover-intelegence/dataset/tansformers/transformer-90/operators/qkv-all/layer-90	2306:57807908
/opt/clover-k3/clover-intelegence/dataset/operators/qkv-all/layer-57	/opt/clover-k3/clover-intelegence/code/tansformers/transformer-57/bin/dataset/operators/qkv-all/layer-57	/opt/clover-k3/clover-intelegence/dataset/tansformers/transformer-57/operators/qkv-all/layer-57	2306:57807766
/opt/clover-k3/clover-intelegence/dataset/operators/qkv-all/layer-36	/opt/clover-k3/clover-intelegence/code/tansformers/transformer-36/bin/dataset/operators/qkv-all/layer-36	/opt/clover-k3/clover-intelegence/dataset/tansformers/transformer-36/operators/qkv-all/layer-36	2306:57807698
/opt/clover-k3/clover-intelegence/dataset/operators/qkv-all/layer-91	/opt/clover-k3/clover-intelegence/code/tansformers/transformer-91/bin/dataset/operators/qkv-all/layer-91	/opt/clover-k3/clover-intelegence/dataset/tansformers/transformer-91/operators/qkv-all/layer-91	2306:57807912
/opt/clover-k3/clover-intelegence/dataset/operators/qkv-all/layer-53	/opt/clover-k3/clover-intelegence/code/tansformers/transformer-53/bin/dataset/operators/qkv-all/layer-53	/opt/clover-k3/clover-intelegence/dataset/tansformers/transformer-53/operators/qkv-all/layer-53	2306:57807754
/opt/clover-k3/clover-intelegence/dataset/operators/qkv-all/layer-88	/opt/clover-k3/clover-intelegence/code/tansformers/transformer-88/bin/dataset/operators/qkv-all/layer-88	/opt/clover-k3/clover-intelegence/dataset/tansformers/transformer-88/operators/qkv-all/layer-88	2306:57807900
/opt/clover-k3/clover-intelegence/dataset/operators/qkv-all/layer-56	/opt/clover-k3/clover-intelegence/code/tansformers/transformer-56/bin/dataset/operators/qkv-all/layer-56	/opt/clover-k3/clover-intelegence/dataset/tansformers/transformer-56/operators/qkv-all/layer-56	2306:57807763
/opt/clover-k3/clover-intelegence/dataset/operators/qkv-all/layer-7	/opt/clover-k3/clover-intelegence/code/tansformers/transformer-7/bin/dataset/operators/qkv-all/layer-7	/opt/clover-k3/clover-intelegence/dataset/tansformers/transformer-7/operators/qkv-all/layer-7	2306:57807587
/opt/clover-k3/clover-intelegence/dataset/operators/qkv-all/layer-40	/opt/clover-k3/clover-intelegence/code/tansformers/transformer-40/bin/dataset/operators/qkv-all/layer-40	/opt/clover-k3/clover-intelegence/dataset/tansformers/transformer-40/operators/qkv-all/layer-40	2306:57807713
/opt/clover-k3/clover-intelegence/dataset/operators/qkv-all/layer-2	/opt/clover-k3/clover-intelegence/code/tansformers/transformer-2/bin/dataset/operators/qkv-all/layer-2	/opt/clover-k3/clover-intelegence/dataset/tansformers/transformer-2/operators/qkv-all/layer-2	2306:57807070
/opt/clover-k3/clover-intelegence/dataset/operators/qkv-all/layer-51	/opt/clover-k3/clover-intelegence/code/tansformers/transformer-51/bin/dataset/operators/qkv-all/layer-51	/opt/clover-k3/clover-intelegence/dataset/tansformers/transformer-51/operators/qkv-all/layer-51	2306:57807748
/opt/clover-k3/clover-intelegence/dataset/operators/qkv-all/layer-68	/opt/clover-k3/clover-intelegence/code/tansformers/transformer-68/bin/dataset/operators/qkv-all/layer-68	/opt/clover-k3/clover-intelegence/dataset/tansformers/transformer-68/operators/qkv-all/layer-68	2306:57807821
/opt/clover-k3/clover-intelegence/dataset/operators/qkv-all/layer-46	/opt/clover-k3/clover-intelegence/code/tansformers/transformer-46/bin/dataset/operators/qkv-all/layer-46	/opt/clover-k3/clover-intelegence/dataset/tansformers/transformer-46/operators/qkv-all/layer-46	2306:57807733
/opt/clover-k3/clover-intelegence/dataset/operators/qkv-all/layer-10	/opt/clover-k3/clover-intelegence/code/tansformers/transformer-10/bin/dataset/operators/qkv-all/layer-10	/opt/clover-k3/clover-intelegence/dataset/tansformers/transformer-10/operators/qkv-all/layer-10	2306:57807599
/opt/clover-k3/clover-intelegence/dataset/operators/qkv-all/layer-71	/opt/clover-k3/clover-intelegence/code/tansformers/transformer-71/bin/dataset/operators/qkv-all/layer-71	/opt/clover-k3/clover-intelegence/dataset/tansformers/transformer-71/operators/qkv-all/layer-71	2306:57807835
/opt/clover-k3/clover-intelegence/dataset/operators/qkv-all/layer-30	/opt/clover-k3/clover-intelegence/code/tansformers/transformer-30/bin/dataset/operators/qkv-all/layer-30	/opt/clover-k3/clover-intelegence/dataset/tansformers/transformer-30/operators/qkv-all/layer-30	2306:57807676
/opt/clover-k3/clover-intelegence/dataset/operators/qkv-all/layer-41	/opt/clover-k3/clover-intelegence/code/tansformers/transformer-41/bin/dataset/operators/qkv-all/layer-41	/opt/clover-k3/clover-intelegence/dataset/tansformers/transformer-41/operators/qkv-all/layer-41	2306:57807717
/opt/clover-k3/clover-intelegence/dataset/operators/qkv-all/layer-4	/opt/clover-k3/clover-intelegence/code/tansformers/transformer-4/bin/dataset/operators/qkv-all/layer-4	/opt/clover-k3/clover-intelegence/dataset/tansformers/transformer-4/operators/qkv-all/layer-4	2306:57807573
/opt/clover-k3/clover-intelegence/dataset/operators/trunk-0-qkv	/opt/clover-k3/clover-intelegence/code/server/bin/dataset/trunk-0-qkv	/opt/clover-k3/clover-intelegence/dataset/server/trunk-0-qkv	2306:57805239
/opt/clover-k3/clover-intelegence/dataset/root-25	/opt/clover-k3/clover-intelegence/code/tansformers/transformer-25/bin/dataset/root-25	/opt/clover-k3/clover-intelegence/dataset/tansformers/transformer-25/root-25	2306:57686389
/opt/clover-k3/clover-intelegence/dataset/root-85	/opt/clover-k3/clover-intelegence/code/tansformers/transformer-85/bin/dataset/root-85	/opt/clover-k3/clover-intelegence/dataset/tansformers/transformer-85/root-85	2306:57693200
/opt/clover-k3/clover-intelegence/dataset/root-2	/opt/clover-k3/clover-intelegence/code/tansformers/transformer-2/bin/dataset/root-2	/opt/clover-k3/clover-intelegence/dataset/tansformers/transformer-2/root-2	2306:57684532
/opt/clover-k3/clover-intelegence/dataset/trunk-75	/opt/clover-k3/clover-intelegence/code/tansformers/transformer-75/bin/dataset/trunk-75	/opt/clover-k3/clover-intelegence/dataset/tansformers/transformer-75/trunk-75	2306:57826494
/opt/clover-k3/clover-intelegence/dataset/root-70	/opt/clover-k3/clover-intelegence/code/tansformers/transformer-70/bin/dataset/root-70	/opt/clover-k3/clover-intelegence/dataset/tansformers/transformer-70/root-70	2306:57690972
/opt/clover-k3/clover-intelegence/dataset/root-79	/opt/clover-k3/clover-intelegence/code/tansformers/transformer-79/bin/dataset/root-79	/opt/clover-k3/clover-intelegence/dataset/tansformers/transformer-79/root-79	2306:57692126
/opt/clover-k3/clover-intelegence/dataset/root-50	/opt/clover-k3/clover-intelegence/code/tansformers/transformer-50/bin/dataset/root-50	/opt/clover-k3/clover-intelegence/dataset/tansformers/transformer-50/root-50	2306:57688389
/opt/clover-k3/clover-intelegence/dataset/trunk-76	/opt/clover-k3/clover-intelegence/code/tansformers/transformer-76/bin/dataset/trunk-76	/opt/clover-k3/clover-intelegence/dataset/tansformers/transformer-76/trunk-76	2306:57827150
/opt/clover-k3/clover-intelegence/dataset/root-89	/opt/clover-k3/clover-intelegence/code/tansformers/transformer-89/bin/dataset/root-89	/opt/clover-k3/clover-intelegence/dataset/tansformers/transformer-89/root-89	2306:57694073
/opt/clover-k3/clover-intelegence/dataset/trunk-90	/opt/clover-k3/clover-intelegence/code/tansformers/transformer-90/bin/dataset/trunk-90	/opt/clover-k3/clover-intelegence/dataset/tansformers/transformer-90/trunk-90	2306:57934905
/opt/clover-k3/clover-intelegence/dataset/root-39	/opt/clover-k3/clover-intelegence/code/tansformers/transformer-39/bin/dataset/root-39	/opt/clover-k3/clover-intelegence/dataset/tansformers/transformer-39/root-39	2306:57687509
/opt/clover-k3/clover-intelegence/dataset/trunk-21	/opt/clover-k3/clover-intelegence/code/tansformers/transformer-21/bin/dataset/trunk-21	/opt/clover-k3/clover-intelegence/dataset/tansformers/transformer-21/trunk-21	2306:57700801
/opt/clover-k3/clover-intelegence/dataset/root-54	/opt/clover-k3/clover-intelegence/code/tansformers/transformer-54/bin/dataset/root-54	/opt/clover-k3/clover-intelegence/dataset/tansformers/transformer-54/root-54	2306:57688709
/opt/clover-k3/clover-intelegence/dataset/trunk-89	/opt/clover-k3/clover-intelegence/code/tansformers/transformer-89/bin/dataset/trunk-89	/opt/clover-k3/clover-intelegence/dataset/tansformers/transformer-89/trunk-89	2306:57934165
/opt/clover-k3/clover-intelegence/dataset/trunk-84	/opt/clover-k3/clover-intelegence/code/tansformers/transformer-84/bin/dataset/trunk-84	/opt/clover-k3/clover-intelegence/dataset/tansformers/transformer-84/trunk-84	2306:57832616
/opt/clover-k3/clover-intelegence/dataset/trunk-86	/opt/clover-k3/clover-intelegence/code/tansformers/transformer-86/bin/dataset/trunk-86	/opt/clover-k3/clover-intelegence/dataset/tansformers/transformer-86/trunk-86	2306:57834042
/opt/clover-k3/clover-intelegence/dataset/trunk-44	/opt/clover-k3/clover-intelegence/code/tansformers/transformer-44/bin/dataset/trunk-44	/opt/clover-k3/clover-intelegence/dataset/tansformers/transformer-44/trunk-44	2306:57808671
/opt/clover-k3/clover-intelegence/dataset/trunk-3	/opt/clover-k3/clover-intelegence/code/tansformers/transformer-3/bin/dataset/trunk-3	/opt/clover-k3/clover-intelegence/dataset/tansformers/transformer-3/trunk-3	2306:57695841
/opt/clover-k3/clover-intelegence/dataset/root-88	/opt/clover-k3/clover-intelegence/code/tansformers/transformer-88/bin/dataset/root-88	/opt/clover-k3/clover-intelegence/dataset/tansformers/transformer-88/root-88	2306:57693970
/opt/clover-k3/clover-intelegence/dataset/trunk-10	/opt/clover-k3/clover-intelegence/code/tansformers/transformer-10/bin/dataset/trunk-10	/opt/clover-k3/clover-intelegence/dataset/tansformers/transformer-10/trunk-10	2306:57697541
/opt/clover-k3/clover-intelegence/dataset/trunk-7	/opt/clover-k3/clover-intelegence/code/tansformers/transformer-7/bin/dataset/trunk-7	/opt/clover-k3/clover-intelegence/dataset/tansformers/transformer-7/trunk-7	2306:57696779
/opt/clover-k3/clover-intelegence/dataset/root-59	/opt/clover-k3/clover-intelegence/code/tansformers/transformer-59/bin/dataset/root-59	/opt/clover-k3/clover-intelegence/dataset/tansformers/transformer-59/root-59	2306:57689109
/opt/clover-k3/clover-intelegence/dataset/root-68	/opt/clover-k3/clover-intelegence/code/tansformers/transformer-68/bin/dataset/root-68	/opt/clover-k3/clover-intelegence/dataset/tansformers/transformer-68/root-68	2306:57690767
/opt/clover-k3/clover-intelegence/dataset/trunk-11	/opt/clover-k3/clover-intelegence/code/tansformers/transformer-11/bin/dataset/trunk-11	/opt/clover-k3/clover-intelegence/dataset/tansformers/transformer-11/trunk-11	2306:57697807
/opt/clover-k3/clover-intelegence/dataset/root-5	/opt/clover-k3/clover-intelegence/code/tansformers/transformer-5/bin/dataset/root-5	/opt/clover-k3/clover-intelegence/dataset/tansformers/transformer-5/root-5	2306:57684783
/opt/clover-k3/clover-intelegence/dataset/trunk-80	/opt/clover-k3/clover-intelegence/code/tansformers/transformer-80/bin/dataset/trunk-80	/opt/clover-k3/clover-intelegence/dataset/tansformers/transformer-80/trunk-80	2306:57829834
/opt/clover-k3/clover-intelegence/dataset/trunk-39	/opt/clover-k3/clover-intelegence/code/tansformers/transformer-39/bin/dataset/trunk-39	/opt/clover-k3/clover-intelegence/dataset/tansformers/transformer-39/trunk-39	2306:57805978
/opt/clover-k3/clover-intelegence/dataset/trunk-74	/opt/clover-k3/clover-intelegence/code/tansformers/transformer-74/bin/dataset/trunk-74	/opt/clover-k3/clover-intelegence/dataset/tansformers/transformer-74/trunk-74	2306:57825844
/opt/clover-k3/clover-intelegence/dataset/root-20	/opt/clover-k3/clover-intelegence/code/tansformers/transformer-20/bin/dataset/root-20	/opt/clover-k3/clover-intelegence/dataset/tansformers/transformer-20/root-20	2306:57685983
/opt/clover-k3/clover-intelegence/dataset/trunk-87	/opt/clover-k3/clover-intelegence/code/tansformers/transformer-87/bin/dataset/trunk-87	/opt/clover-k3/clover-intelegence/dataset/tansformers/transformer-87/trunk-87	2306:57834764
/opt/clover-k3/clover-intelegence/dataset/trunk-69	/opt/clover-k3/clover-intelegence/code/tansformers/transformer-69/bin/dataset/trunk-69	/opt/clover-k3/clover-intelegence/dataset/tansformers/transformer-69/trunk-69	2306:57822684
/opt/clover-k3/clover-intelegence/dataset/trunk-29	/opt/clover-k3/clover-intelegence/code/tansformers/transformer-29/bin/dataset/trunk-29	/opt/clover-k3/clover-intelegence/dataset/tansformers/transformer-29/trunk-29	2306:57703625
/opt/clover-k3/clover-intelegence/dataset/root-84	/opt/clover-k3/clover-intelegence/code/tansformers/transformer-84/bin/dataset/root-84	/opt/clover-k3/clover-intelegence/dataset/tansformers/transformer-84/root-84	2306:57693096
/opt/clover-k3/clover-intelegence/dataset/trunk-40	/opt/clover-k3/clover-intelegence/code/tansformers/transformer-40/bin/dataset/trunk-40	/opt/clover-k3/clover-intelegence/dataset/tansformers/transformer-40/trunk-40	2306:57806418
/opt/clover-k3/clover-intelegence/dataset/root-26	/opt/clover-k3/clover-intelegence/code/tansformers/transformer-26/bin/dataset/root-26	/opt/clover-k3/clover-intelegence/dataset/tansformers/transformer-26/root-26	2306:57686469
/opt/clover-k3/clover-intelegence/dataset/root-18	/opt/clover-k3/clover-intelegence/code/tansformers/transformer-18/bin/dataset/root-18	/opt/clover-k3/clover-intelegence/dataset/tansformers/transformer-18/root-18	2306:57685823
/opt/clover-k3/clover-intelegence/dataset/trunk-34	/opt/clover-k3/clover-intelegence/code/tansformers/transformer-34/bin/dataset/trunk-34	/opt/clover-k3/clover-intelegence/dataset/tansformers/transformer-34/trunk-34	2306:57803789
/opt/clover-k3/clover-intelegence/dataset/root-61	/opt/clover-k3/clover-intelegence/code/tansformers/transformer-61/bin/dataset/root-61	/opt/clover-k3/clover-intelegence/dataset/tansformers/transformer-61/root-61	2306:57689615
/opt/clover-k3/clover-intelegence/dataset/root-74	/opt/clover-k3/clover-intelegence/code/tansformers/transformer-74/bin/dataset/root-74	/opt/clover-k3/clover-intelegence/dataset/tansformers/transformer-74/root-74	2306:57691618
/opt/clover-k3/clover-intelegence/dataset/trunk-35	/opt/clover-k3/clover-intelegence/code/tansformers/transformer-35/bin/dataset/trunk-35	/opt/clover-k3/clover-intelegence/dataset/tansformers/transformer-35/trunk-35	2306:57804199
/opt/clover-k3/clover-intelegence/dataset/root-12	/opt/clover-k3/clover-intelegence/code/tansformers/transformer-12/bin/dataset/root-12	/opt/clover-k3/clover-intelegence/dataset/tansformers/transformer-12/root-12	2306:57685343
/opt/clover-k3/clover-intelegence/dataset/trunk-52	/opt/clover-k3/clover-intelegence/code/tansformers/transformer-52/bin/dataset/trunk-52	/opt/clover-k3/clover-intelegence/dataset/tansformers/transformer-52/trunk-52	2306:57812844
/opt/clover-k3/clover-intelegence/dataset/root-76	/opt/clover-k3/clover-intelegence/code/tansformers/transformer-76/bin/dataset/root-76	/opt/clover-k3/clover-intelegence/dataset/tansformers/transformer-76/root-76	2306:57691823
/opt/clover-k3/clover-intelegence/dataset/root-64	/opt/clover-k3/clover-intelegence/code/tansformers/transformer-64/bin/dataset/root-64	/opt/clover-k3/clover-intelegence/dataset/tansformers/transformer-64/root-64	2306:57689920
/opt/clover-k3/clover-intelegence/dataset/trunk-85	/opt/clover-k3/clover-intelegence/code/tansformers/transformer-85/bin/dataset/trunk-85	/opt/clover-k3/clover-intelegence/dataset/tansformers/transformer-85/trunk-85	2306:57833326
/opt/clover-k3/clover-intelegence/dataset/trunk-47	/opt/clover-k3/clover-intelegence/code/tansformers/transformer-47/bin/dataset/trunk-47	/opt/clover-k3/clover-intelegence/dataset/tansformers/transformer-47/trunk-47	2306:57810173
/opt/clover-k3/clover-intelegence/dataset/trunk-64	/opt/clover-k3/clover-intelegence/code/tansformers/transformer-64/bin/dataset/trunk-64	/opt/clover-k3/clover-intelegence/dataset/tansformers/transformer-64/trunk-64	2306:57819556
/opt/clover-k3/clover-intelegence/dataset/root-53	/opt/clover-k3/clover-intelegence/code/tansformers/transformer-53/bin/dataset/root-53	/opt/clover-k3/clover-intelegence/dataset/tansformers/transformer-53/root-53	2306:57688629
/opt/clover-k3/clover-intelegence/dataset/trunk-67	/opt/clover-k3/clover-intelegence/code/tansformers/transformer-67/bin/dataset/trunk-67	/opt/clover-k3/clover-intelegence/dataset/tansformers/transformer-67/trunk-67	2306:57821449
/opt/clover-k3/clover-intelegence/dataset/root-46	/opt/clover-k3/clover-intelegence/code/tansformers/transformer-46/bin/dataset/root-46	/opt/clover-k3/clover-intelegence/dataset/tansformers/transformer-46/root-46	2306:57688069
/opt/clover-k3/clover-intelegence/dataset/root-92	/opt/clover-k3/clover-intelegence/code/tansformers/transformer-92/bin/dataset/root-92	/opt/clover-k3/clover-intelegence/dataset/tansformers/transformer-92/root-92	2306:57694645
/opt/clover-k3/clover-intelegence/dataset/trunk-43	/opt/clover-k3/clover-intelegence/code/tansformers/transformer-43/bin/dataset/trunk-43	/opt/clover-k3/clover-intelegence/dataset/tansformers/transformer-43/trunk-43	2306:57808189
/opt/clover-k3/clover-intelegence/dataset/root-7	/opt/clover-k3/clover-intelegence/code/tansformers/transformer-7/bin/dataset/root-7	/opt/clover-k3/clover-intelegence/dataset/tansformers/transformer-7/root-7	2306:57684943
/opt/clover-k3/clover-intelegence/dataset/root-75	/opt/clover-k3/clover-intelegence/code/tansformers/transformer-75/bin/dataset/root-75	/opt/clover-k3/clover-intelegence/dataset/tansformers/transformer-75/root-75	2306:57691722
/opt/clover-k3/clover-intelegence/dataset/root-91	/opt/clover-k3/clover-intelegence/code/tansformers/transformer-91/bin/dataset/root-91	/opt/clover-k3/clover-intelegence/dataset/tansformers/transformer-91/root-91	2306:57694542
/opt/clover-k3/clover-intelegence/dataset/trunk-61	/opt/clover-k3/clover-intelegence/code/tansformers/transformer-61/bin/dataset/trunk-61	/opt/clover-k3/clover-intelegence/dataset/tansformers/transformer-61/trunk-61	2306:57817790
/opt/clover-k3/clover-intelegence/dataset/root-9	/opt/clover-k3/clover-intelegence/code/tansformers/transformer-9/bin/dataset/root-9	/opt/clover-k3/clover-intelegence/dataset/tansformers/transformer-9/root-9	2306:57685103
/opt/clover-k3/clover-intelegence/dataset/trunk-17	/opt/clover-k3/clover-intelegence/code/tansformers/transformer-17/bin/dataset/trunk-17	/opt/clover-k3/clover-intelegence/dataset/tansformers/transformer-17/trunk-17	2306:57699529
/opt/clover-k3/clover-intelegence/dataset/root-65	/opt/clover-k3/clover-intelegence/code/tansformers/transformer-65/bin/dataset/root-65	/opt/clover-k3/clover-intelegence/dataset/tansformers/transformer-65/root-65	2306:57690021
/opt/clover-k3/clover-intelegence/dataset/root-27	/opt/clover-k3/clover-intelegence/code/tansformers/transformer-27/bin/dataset/root-27	/opt/clover-k3/clover-intelegence/dataset/tansformers/transformer-27/root-27	2306:57686549
/opt/clover-k3/clover-intelegence/dataset/root-33	/opt/clover-k3/clover-intelegence/code/tansformers/transformer-33/bin/dataset/root-33	/opt/clover-k3/clover-intelegence/dataset/tansformers/transformer-33/root-33	2306:57687029
/opt/clover-k3/clover-intelegence/dataset/root-35	/opt/clover-k3/clover-intelegence/code/tansformers/transformer-35/bin/dataset/root-35	/opt/clover-k3/clover-intelegence/dataset/tansformers/transformer-35/root-35	2306:57687189
/opt/clover-k3/clover-intelegence/dataset/trunk-4	/opt/clover-k3/clover-intelegence/code/tansformers/transformer-4/bin/dataset/trunk-4	/opt/clover-k3/clover-intelegence/dataset/tansformers/transformer-4/trunk-4	2306:57696069
/opt/clover-k3/clover-intelegence/dataset/trunk-24	/opt/clover-k3/clover-intelegence/code/tansformers/transformer-24/bin/dataset/trunk-24	/opt/clover-k3/clover-intelegence/dataset/tansformers/transformer-24/trunk-24	2306:57701815
/opt/clover-k3/clover-intelegence/dataset/root-67	/opt/clover-k3/clover-intelegence/code/tansformers/transformer-67/bin/dataset/root-67	/opt/clover-k3/clover-intelegence/dataset/tansformers/transformer-67/root-67	2306:57690223
/opt/clover-k3/clover-intelegence/dataset/trunk-1	/opt/clover-k3/clover-intelegence/code/tansformers/transformer-1/bin/dataset/trunk-1	/opt/clover-k3/clover-intelegence/dataset/tansformers/transformer-1/trunk-1	2306:57695278
/opt/clover-k3/clover-intelegence/dataset/root-31	/opt/clover-k3/clover-intelegence/code/tansformers/transformer-31/bin/dataset/root-31	/opt/clover-k3/clover-intelegence/dataset/tansformers/transformer-31/root-31	2306:57686869
/opt/clover-k3/clover-intelegence/dataset/trunk-56	/opt/clover-k3/clover-intelegence/code/tansformers/transformer-56/bin/dataset/trunk-56	/opt/clover-k3/clover-intelegence/dataset/tansformers/transformer-56/trunk-56	2306:57814978
/opt/clover-k3/clover-intelegence/dataset/trunk-28	/opt/clover-k3/clover-intelegence/code/tansformers/transformer-28/bin/dataset/trunk-28	/opt/clover-k3/clover-intelegence/dataset/tansformers/transformer-28/trunk-28	2306:57703251
/opt/clover-k3/clover-intelegence/dataset/trunk-70	/opt/clover-k3/clover-intelegence/code/tansformers/transformer-70/bin/dataset/trunk-70	/opt/clover-k3/clover-intelegence/dataset/tansformers/transformer-70/trunk-70	2306:57823304
/opt/clover-k3/clover-intelegence/dataset/root-11	/opt/clover-k3/clover-intelegence/code/tansformers/transformer-11/bin/dataset/root-11	/opt/clover-k3/clover-intelegence/dataset/tansformers/transformer-11/root-11	2306:57685263
/opt/clover-k3/clover-intelegence/dataset/root-21	/opt/clover-k3/clover-intelegence/code/tansformers/transformer-21/bin/dataset/root-21	/opt/clover-k3/clover-intelegence/dataset/tansformers/transformer-21/root-21	2306:57686063
/opt/clover-k3/clover-intelegence/dataset/root-60	/opt/clover-k3/clover-intelegence/code/tansformers/transformer-60/bin/dataset/root-60	/opt/clover-k3/clover-intelegence/dataset/tansformers/transformer-60/root-60	2306:57689510
/opt/clover-k3/clover-intelegence/dataset/trunk-81	/opt/clover-k3/clover-intelegence/code/tansformers/transformer-81/bin/dataset/trunk-81	/opt/clover-k3/clover-intelegence/dataset/tansformers/transformer-81/trunk-81	2306:57830520
/opt/clover-k3/clover-intelegence/dataset/root-6	/opt/clover-k3/clover-intelegence/code/tansformers/transformer-6/bin/dataset/root-6	/opt/clover-k3/clover-intelegence/dataset/tansformers/transformer-6/root-6	2306:57684863
/opt/clover-k3/clover-intelegence/dataset/root-49	/opt/clover-k3/clover-intelegence/code/tansformers/transformer-49/bin/dataset/root-49	/opt/clover-k3/clover-intelegence/dataset/tansformers/transformer-49/root-49	2306:57688309
/opt/clover-k3/clover-intelegence/dataset/root-28	/opt/clover-k3/clover-intelegence/code/tansformers/transformer-28/bin/dataset/root-28	/opt/clover-k3/clover-intelegence/dataset/tansformers/transformer-28/root-28	2306:57686629
/opt/clover-k3/clover-intelegence/dataset/trunk-83	/opt/clover-k3/clover-intelegence/code/tansformers/transformer-83/bin/dataset/trunk-83	/opt/clover-k3/clover-intelegence/dataset/tansformers/transformer-83/trunk-83	2306:57831910
/opt/clover-k3/clover-intelegence/dataset/root-78	/opt/clover-k3/clover-intelegence/code/tansformers/transformer-78/bin/dataset/root-78	/opt/clover-k3/clover-intelegence/dataset/tansformers/transformer-78/root-78	2306:57692025
/opt/clover-k3/clover-intelegence/dataset/trunk-18	/opt/clover-k3/clover-intelegence/code/tansformers/transformer-18/bin/dataset/trunk-18	/opt/clover-k3/clover-intelegence/dataset/tansformers/transformer-18/trunk-18	2306:57699837
/opt/clover-k3/clover-intelegence/dataset/root-90	/opt/clover-k3/clover-intelegence/code/tansformers/transformer-90/bin/dataset/root-90	/opt/clover-k3/clover-intelegence/dataset/tansformers/transformer-90/root-90	2306:57694174
/opt/clover-k3/clover-intelegence/dataset/trunk-68	/opt/clover-k3/clover-intelegence/code/tansformers/transformer-68/bin/dataset/trunk-68	/opt/clover-k3/clover-intelegence/dataset/tansformers/transformer-68/trunk-68	2306:57822057
/opt/clover-k3/clover-intelegence/dataset/trunk-20	/opt/clover-k3/clover-intelegence/code/tansformers/transformer-20/bin/dataset/trunk-20	/opt/clover-k3/clover-intelegence/dataset/tansformers/transformer-20/trunk-20	2306:57700475
/opt/clover-k3/clover-intelegence/dataset/trunk-57	/opt/clover-k3/clover-intelegence/code/tansformers/transformer-57/bin/dataset/trunk-57	/opt/clover-k3/clover-intelegence/dataset/tansformers/transformer-57/trunk-57	2306:57815547
/opt/clover-k3/clover-intelegence/dataset/root-15	/opt/clover-k3/clover-intelegence/code/tansformers/transformer-15/bin/dataset/root-15	/opt/clover-k3/clover-intelegence/dataset/tansformers/transformer-15/root-15	2306:57685583
/opt/clover-k3/clover-intelegence/dataset/root-45	/opt/clover-k3/clover-intelegence/code/tansformers/transformer-45/bin/dataset/root-45	/opt/clover-k3/clover-intelegence/dataset/tansformers/transformer-45/root-45	2306:57687989
/opt/clover-k3/clover-intelegence/dataset/trunk-59	/opt/clover-k3/clover-intelegence/code/tansformers/transformer-59/bin/dataset/trunk-59	/opt/clover-k3/clover-intelegence/dataset/tansformers/transformer-59/trunk-59	2306:57816664
/opt/clover-k3/clover-intelegence/dataset/root-80	/opt/clover-k3/clover-intelegence/code/tansformers/transformer-80/bin/dataset/root-80	/opt/clover-k3/clover-intelegence/dataset/tansformers/transformer-80/root-80	2306:57692227
/opt/clover-k3/clover-intelegence/dataset/trunk-58	/opt/clover-k3/clover-intelegence/code/tansformers/transformer-58/bin/dataset/trunk-58	/opt/clover-k3/clover-intelegence/dataset/tansformers/transformer-58/trunk-58	2306:57816110
/opt/clover-k3/clover-intelegence/dataset/root-29	/opt/clover-k3/clover-intelegence/code/tansformers/transformer-29/bin/dataset/root-29	/opt/clover-k3/clover-intelegence/dataset/tansformers/transformer-29/root-29	2306:57686709
/opt/clover-k3/clover-intelegence/dataset/trunk-23	/opt/clover-k3/clover-intelegence/code/tansformers/transformer-23/bin/dataset/trunk-23	/opt/clover-k3/clover-intelegence/dataset/tansformers/transformer-23/trunk-23	2306:57701471
/opt/clover-k3/clover-intelegence/dataset/trunk-45	/opt/clover-k3/clover-intelegence/code/tansformers/transformer-45/bin/dataset/trunk-45	/opt/clover-k3/clover-intelegence/dataset/tansformers/transformer-45/trunk-45	2306:57809141
/opt/clover-k3/clover-intelegence/dataset/trunk-48	/opt/clover-k3/clover-intelegence/code/tansformers/transformer-48/bin/dataset/trunk-48	/opt/clover-k3/clover-intelegence/dataset/tansformers/transformer-48/trunk-48	2306:57810697
/opt/clover-k3/clover-intelegence/dataset/root-13	/opt/clover-k3/clover-intelegence/code/tansformers/transformer-13/bin/dataset/root-13	/opt/clover-k3/clover-intelegence/dataset/tansformers/transformer-13/root-13	2306:57685423
/opt/clover-k3/clover-intelegence/dataset/root-42	/opt/clover-k3/clover-intelegence/code/tansformers/transformer-42/bin/dataset/root-42	/opt/clover-k3/clover-intelegence/dataset/tansformers/transformer-42/root-42	2306:57687749
/opt/clover-k3/clover-intelegence/dataset/trunk-13	/opt/clover-k3/clover-intelegence/code/tansformers/transformer-13/bin/dataset/trunk-13	/opt/clover-k3/clover-intelegence/dataset/tansformers/transformer-13/trunk-13	2306:57698357
/opt/clover-k3/clover-intelegence/dataset/trunk-26	/opt/clover-k3/clover-intelegence/code/tansformers/transformer-26/bin/dataset/trunk-26	/opt/clover-k3/clover-intelegence/dataset/tansformers/transformer-26/trunk-26	2306:57702521
/opt/clover-k3/clover-intelegence/dataset/trunk-37	/opt/clover-k3/clover-intelegence/code/tansformers/transformer-37/bin/dataset/trunk-37	/opt/clover-k3/clover-intelegence/dataset/tansformers/transformer-37/trunk-37	2306:57805037
/opt/clover-k3/clover-intelegence/dataset/root-63	/opt/clover-k3/clover-intelegence/code/tansformers/transformer-63/bin/dataset/root-63	/opt/clover-k3/clover-intelegence/dataset/tansformers/transformer-63/root-63	2306:57689819
/opt/clover-k3/clover-intelegence/dataset/root-10	/opt/clover-k3/clover-intelegence/code/tansformers/transformer-10/bin/dataset/root-10	/opt/clover-k3/clover-intelegence/dataset/tansformers/transformer-10/root-10	2306:57685183
/opt/clover-k3/clover-intelegence/dataset/trunk-19	/opt/clover-k3/clover-intelegence/code/tansformers/transformer-19/bin/dataset/trunk-19	/opt/clover-k3/clover-intelegence/dataset/tansformers/transformer-19/trunk-19	2306:57700151
/opt/clover-k3/clover-intelegence/dataset/root-58	/opt/clover-k3/clover-intelegence/code/tansformers/transformer-58/bin/dataset/root-58	/opt/clover-k3/clover-intelegence/dataset/tansformers/transformer-58/root-58	2306:57689029
/opt/clover-k3/clover-intelegence/dataset/trunk-16	/opt/clover-k3/clover-intelegence/code/tansformers/transformer-16/bin/dataset/trunk-16	/opt/clover-k3/clover-intelegence/dataset/tansformers/transformer-16/trunk-16	2306:57699227
/opt/clover-k3/clover-intelegence/dataset/trunk-6	/opt/clover-k3/clover-intelegence/code/tansformers/transformer-6/bin/dataset/trunk-6	/opt/clover-k3/clover-intelegence/dataset/tansformers/transformer-6/trunk-6	2306:57696537
/opt/clover-k3/clover-intelegence/dataset/root-30	/opt/clover-k3/clover-intelegence/code/tansformers/transformer-30/bin/dataset/root-30	/opt/clover-k3/clover-intelegence/dataset/tansformers/transformer-30/root-30	2306:57686789
/opt/clover-k3/clover-intelegence/dataset/root-52	/opt/clover-k3/clover-intelegence/code/tansformers/transformer-52/bin/dataset/root-52	/opt/clover-k3/clover-intelegence/dataset/tansformers/transformer-52/root-52	2306:57688549
/opt/clover-k3/clover-intelegence/dataset/root-86	/opt/clover-k3/clover-intelegence/code/tansformers/transformer-86/bin/dataset/root-86	/opt/clover-k3/clover-intelegence/dataset/tansformers/transformer-86/root-86	2306:57693408
/opt/clover-k3/clover-intelegence/dataset/trunk-46	/opt/clover-k3/clover-intelegence/code/tansformers/transformer-46/bin/dataset/trunk-46	/opt/clover-k3/clover-intelegence/dataset/tansformers/transformer-46/trunk-46	2306:57809617
/opt/clover-k3/clover-intelegence/dataset/root-36	/opt/clover-k3/clover-intelegence/code/tansformers/transformer-36/bin/dataset/root-36	/opt/clover-k3/clover-intelegence/dataset/tansformers/transformer-36/root-36	2306:57687269
/opt/clover-k3/clover-intelegence/dataset/root-83	/opt/clover-k3/clover-intelegence/code/tansformers/transformer-83/bin/dataset/root-83	/opt/clover-k3/clover-intelegence/dataset/tansformers/transformer-83/root-83	2306:57692760
/opt/clover-k3/clover-intelegence/dataset/root-73	/opt/clover-k3/clover-intelegence/code/tansformers/transformer-73/bin/dataset/root-73	/opt/clover-k3/clover-intelegence/dataset/tansformers/transformer-73/root-73	2306:57691370
/opt/clover-k3/clover-intelegence/dataset/root-82	/opt/clover-k3/clover-intelegence/code/tansformers/transformer-82/bin/dataset/root-82	/opt/clover-k3/clover-intelegence/dataset/tansformers/transformer-82/root-82	2306:57692659
/opt/clover-k3/clover-intelegence/dataset/trunk-15	/opt/clover-k3/clover-intelegence/code/tansformers/transformer-15/bin/dataset/trunk-15	/opt/clover-k3/clover-intelegence/dataset/tansformers/transformer-15/trunk-15	2306:57698931
/opt/clover-k3/clover-intelegence/dataset/root-47	/opt/clover-k3/clover-intelegence/code/tansformers/transformer-47/bin/dataset/root-47	/opt/clover-k3/clover-intelegence/dataset/tansformers/transformer-47/root-47	2306:57688149
/opt/clover-k3/clover-intelegence/dataset/trunk-49	/opt/clover-k3/clover-intelegence/code/tansformers/transformer-49/bin/dataset/trunk-49	/opt/clover-k3/clover-intelegence/dataset/tansformers/transformer-49/trunk-49	2306:57811229
/opt/clover-k3/clover-intelegence/dataset/trunk-51	/opt/clover-k3/clover-intelegence/code/tansformers/transformer-51/bin/dataset/trunk-51	/opt/clover-k3/clover-intelegence/dataset/tansformers/transformer-51/trunk-51	2306:57812319
/opt/clover-k3/clover-intelegence/dataset/trunk-41	/opt/clover-k3/clover-intelegence/code/tansformers/transformer-41/bin/dataset/trunk-41	/opt/clover-k3/clover-intelegence/dataset/tansformers/transformer-41/trunk-41	2306:57806864
/opt/clover-k3/clover-intelegence/dataset/root-40	/opt/clover-k3/clover-intelegence/code/tansformers/transformer-40/bin/dataset/root-40	/opt/clover-k3/clover-intelegence/dataset/tansformers/transformer-40/root-40	2306:57687589
/opt/clover-k3/clover-intelegence/dataset/root-23	/opt/clover-k3/clover-intelegence/code/tansformers/transformer-23/bin/dataset/root-23	/opt/clover-k3/clover-intelegence/dataset/tansformers/transformer-23/root-23	2306:57686223
/opt/clover-k3/clover-intelegence/dataset/root-8	/opt/clover-k3/clover-intelegence/code/tansformers/transformer-8/bin/dataset/root-8	/opt/clover-k3/clover-intelegence/dataset/tansformers/transformer-8/root-8	2306:57685023
/opt/clover-k3/clover-intelegence/dataset/trunk-55	/opt/clover-k3/clover-intelegence/code/tansformers/transformer-55/bin/dataset/trunk-55	/opt/clover-k3/clover-intelegence/dataset/tansformers/transformer-55/trunk-55	2306:57814429
/opt/clover-k3/clover-intelegence/dataset/root-56	/opt/clover-k3/clover-intelegence/code/tansformers/transformer-56/bin/dataset/root-56	/opt/clover-k3/clover-intelegence/dataset/tansformers/transformer-56/root-56	2306:57688869
/opt/clover-k3/clover-intelegence/dataset/trunk-25	/opt/clover-k3/clover-intelegence/code/tansformers/transformer-25/bin/dataset/trunk-25	/opt/clover-k3/clover-intelegence/dataset/tansformers/transformer-25/trunk-25	2306:57702165
/opt/clover-k3/clover-intelegence/dataset/trunk-72	/opt/clover-k3/clover-intelegence/code/tansformers/transformer-72/bin/dataset/trunk-72	/opt/clover-k3/clover-intelegence/dataset/tansformers/transformer-72/trunk-72	2306:57824562
/opt/clover-k3/clover-intelegence/dataset/root-72	/opt/clover-k3/clover-intelegence/code/tansformers/transformer-72/bin/dataset/root-72	/opt/clover-k3/clover-intelegence/dataset/tansformers/transformer-72/root-72	2306:57691174
/opt/clover-k3/clover-intelegence/dataset/trunk-53	/opt/clover-k3/clover-intelegence/code/tansformers/transformer-53/bin/dataset/trunk-53	/opt/clover-k3/clover-intelegence/dataset/tansformers/transformer-53/trunk-53	2306:57813362
/opt/clover-k3/clover-intelegence/dataset/trunk-22	/opt/clover-k3/clover-intelegence/code/tansformers/transformer-22/bin/dataset/trunk-22	/opt/clover-k3/clover-intelegence/dataset/tansformers/transformer-22/trunk-22	2306:57701133
/opt/clover-k3/clover-intelegence/dataset/root-69	/opt/clover-k3/clover-intelegence/code/tansformers/transformer-69/bin/dataset/root-69	/opt/clover-k3/clover-intelegence/dataset/tansformers/transformer-69/root-69	2306:57690871
/opt/clover-k3/clover-intelegence/dataset/trunk-2	/opt/clover-k3/clover-intelegence/code/tansformers/transformer-2/bin/dataset/trunk-2	/opt/clover-k3/clover-intelegence/dataset/tansformers/transformer-2/trunk-2	2306:57695623
/opt/clover-k3/clover-intelegence/dataset/trunk-79	/opt/clover-k3/clover-intelegence/code/tansformers/transformer-79/bin/dataset/trunk-79	/opt/clover-k3/clover-intelegence/dataset/tansformers/transformer-79/trunk-79	2306:57829154
/opt/clover-k3/clover-intelegence/dataset/trunk-77	/opt/clover-k3/clover-intelegence/code/tansformers/transformer-77/bin/dataset/trunk-77	/opt/clover-k3/clover-intelegence/dataset/tansformers/transformer-77/trunk-77	2306:57827812
/opt/clover-k3/clover-intelegence/dataset/root-77	/opt/clover-k3/clover-intelegence/code/tansformers/transformer-77/bin/dataset/root-77	/opt/clover-k3/clover-intelegence/dataset/tansformers/transformer-77/root-77	2306:57691924
/opt/clover-k3/clover-intelegence/dataset/trunk-91	/opt/clover-k3/clover-intelegence/code/tansformers/transformer-91/bin/dataset/trunk-91	/opt/clover-k3/clover-intelegence/dataset/tansformers/transformer-91/trunk-91	2306:57935651
/opt/clover-k3/clover-intelegence/dataset/root-34	/opt/clover-k3/clover-intelegence/code/tansformers/transformer-34/bin/dataset/root-34	/opt/clover-k3/clover-intelegence/dataset/tansformers/transformer-34/root-34	2306:57687109
/opt/clover-k3/clover-intelegence/dataset/trunk-12	/opt/clover-k3/clover-intelegence/code/tansformers/transformer-12/bin/dataset/trunk-12	/opt/clover-k3/clover-intelegence/dataset/tansformers/transformer-12/trunk-12	2306:57698079
/opt/clover-k3/clover-intelegence/dataset/root-22	/opt/clover-k3/clover-intelegence/code/tansformers/transformer-22/bin/dataset/root-22	/opt/clover-k3/clover-intelegence/dataset/tansformers/transformer-22/root-22	2306:57686143
/opt/clover-k3/clover-intelegence/dataset/trunk-30	/opt/clover-k3/clover-intelegence/code/tansformers/transformer-30/bin/dataset/trunk-30	/opt/clover-k3/clover-intelegence/dataset/tansformers/transformer-30/trunk-30	2306:57704005
/opt/clover-k3/clover-intelegence/dataset/root-81	/opt/clover-k3/clover-intelegence/code/tansformers/transformer-81/bin/dataset/root-81	/opt/clover-k3/clover-intelegence/dataset/tansformers/transformer-81/root-81	2306:57692555
/opt/clover-k3/clover-intelegence/dataset/root-57	/opt/clover-k3/clover-intelegence/code/tansformers/transformer-57/bin/dataset/root-57	/opt/clover-k3/clover-intelegence/dataset/tansformers/transformer-57/root-57	2306:57688949
/opt/clover-k3/clover-intelegence/dataset/leaves.json	/opt/clover-k3/clover-intelegence/code/normalization/bin/dataset/leaves.json	/opt/clover-k3/clover-intelegence/dataset/normalization/leaves.json	2306:57686258
/opt/clover-k3/clover-intelegence/dataset/trunk-71	/opt/clover-k3/clover-intelegence/code/tansformers/transformer-71/bin/dataset/trunk-71	/opt/clover-k3/clover-intelegence/dataset/tansformers/transformer-71/trunk-71	2306:57823930
/opt/clover-k3/clover-intelegence/dataset/root-16	/opt/clover-k3/clover-intelegence/code/tansformers/transformer-16/bin/dataset/root-16	/opt/clover-k3/clover-intelegence/dataset/tansformers/transformer-16/root-16	2306:57685663
/opt/clover-k3/clover-intelegence/dataset/trunk-31	/opt/clover-k3/clover-intelegence/code/tansformers/transformer-31/bin/dataset/trunk-31	/opt/clover-k3/clover-intelegence/dataset/tansformers/transformer-31/trunk-31	2306:57704541
/opt/clover-k3/clover-intelegence/dataset/trunk-8	/opt/clover-k3/clover-intelegence/code/tansformers/transformer-8/bin/dataset/trunk-8	/opt/clover-k3/clover-intelegence/dataset/tansformers/transformer-8/trunk-8	2306:57697027
/opt/clover-k3/clover-intelegence/dataset/root-41	/opt/clover-k3/clover-intelegence/code/tansformers/transformer-41/bin/dataset/root-41	/opt/clover-k3/clover-intelegence/dataset/tansformers/transformer-41/root-41	2306:57687669
/opt/clover-k3/clover-intelegence/dataset/root-87	/opt/clover-k3/clover-intelegence/code/tansformers/transformer-87/bin/dataset/root-87	/opt/clover-k3/clover-intelegence/dataset/tansformers/transformer-87/root-87	2306:57693726
/opt/clover-k3/clover-intelegence/dataset/root-66	/opt/clover-k3/clover-intelegence/code/tansformers/transformer-66/bin/dataset/root-66	/opt/clover-k3/clover-intelegence/dataset/tansformers/transformer-66/root-66	2306:57690122
/opt/clover-k3/clover-intelegence/dataset/root-55	/opt/clover-k3/clover-intelegence/code/tansformers/transformer-55/bin/dataset/root-55	/opt/clover-k3/clover-intelegence/dataset/tansformers/transformer-55/root-55	2306:57688789
/opt/clover-k3/clover-intelegence/dataset/root-3	/opt/clover-k3/clover-intelegence/code/tansformers/transformer-3/bin/dataset/root-3	/opt/clover-k3/clover-intelegence/dataset/tansformers/transformer-3/root-3	2306:57684622
/opt/clover-k3/clover-intelegence/dataset/trunk-62	/opt/clover-k3/clover-intelegence/code/tansformers/transformer-62/bin/dataset/trunk-62	/opt/clover-k3/clover-intelegence/dataset/tansformers/transformer-62/trunk-62	2306:57818362
/opt/clover-k3/clover-intelegence/dataset/trunk-63	/opt/clover-k3/clover-intelegence/code/tansformers/transformer-63/bin/dataset/trunk-63	/opt/clover-k3/clover-intelegence/dataset/tansformers/transformer-63/trunk-63	2306:57818966
/opt/clover-k3/clover-intelegence/dataset/root-51	/opt/clover-k3/clover-intelegence/code/tansformers/transformer-51/bin/dataset/root-51	/opt/clover-k3/clover-intelegence/dataset/tansformers/transformer-51/root-51	2306:57688469
/opt/clover-k3/clover-intelegence/dataset/root-24	/opt/clover-k3/clover-intelegence/code/tansformers/transformer-24/bin/dataset/root-24	/opt/clover-k3/clover-intelegence/dataset/tansformers/transformer-24/root-24	2306:57686309
/opt/clover-k3/clover-intelegence/dataset/root-44	/opt/clover-k3/clover-intelegence/code/tansformers/transformer-44/bin/dataset/root-44	/opt/clover-k3/clover-intelegence/dataset/tansformers/transformer-44/root-44	2306:57687909
/opt/clover-k3/clover-intelegence/dataset/root-38	/opt/clover-k3/clover-intelegence/code/tansformers/transformer-38/bin/dataset/root-38	/opt/clover-k3/clover-intelegence/dataset/tansformers/transformer-38/root-38	2306:57687429
/opt/clover-k3/clover-intelegence/dataset/trunk-36	/opt/clover-k3/clover-intelegence/code/tansformers/transformer-36/bin/dataset/trunk-36	/opt/clover-k3/clover-intelegence/dataset/tansformers/transformer-36/trunk-36	2306:57804615
/opt/clover-k3/clover-intelegence/dataset/root-32	/opt/clover-k3/clover-intelegence/code/tansformers/transformer-32/bin/dataset/root-32	/opt/clover-k3/clover-intelegence/dataset/tansformers/transformer-32/root-32	2306:57686949
/opt/clover-k3/clover-intelegence/dataset/trunk-65	/opt/clover-k3/clover-intelegence/code/tansformers/transformer-65/bin/dataset/trunk-65	/opt/clover-k3/clover-intelegence/dataset/tansformers/transformer-65/trunk-65	2306:57820226
/opt/clover-k3/clover-intelegence/dataset/trunk-78	/opt/clover-k3/clover-intelegence/code/tansformers/transformer-78/bin/dataset/trunk-78	/opt/clover-k3/clover-intelegence/dataset/tansformers/transformer-78/trunk-78	2306:57828480
/opt/clover-k3/clover-intelegence/dataset/trunk-92	/opt/clover-k3/clover-intelegence/code/tansformers/transformer-92/bin/dataset/trunk-92	/opt/clover-k3/clover-intelegence/dataset/tansformers/transformer-92/trunk-92	2306:57936403
/opt/clover-k3/clover-intelegence/dataset/root-71	/opt/clover-k3/clover-intelegence/code/tansformers/transformer-71/bin/dataset/root-71	/opt/clover-k3/clover-intelegence/dataset/tansformers/transformer-71/root-71	2306:57691073
/opt/clover-k3/clover-intelegence/dataset/trunk-9	/opt/clover-k3/clover-intelegence/code/tansformers/transformer-9/bin/dataset/trunk-9	/opt/clover-k3/clover-intelegence/dataset/tansformers/transformer-9/trunk-9	2306:57697281
/opt/clover-k3/clover-intelegence/dataset/trunk-66	/opt/clover-k3/clover-intelegence/code/tansformers/transformer-66/bin/dataset/trunk-66	/opt/clover-k3/clover-intelegence/dataset/tansformers/transformer-66/trunk-66	2306:57820822
/opt/clover-k3/clover-intelegence/dataset/trunk-42	/opt/clover-k3/clover-intelegence/code/tansformers/transformer-42/bin/dataset/trunk-42	/opt/clover-k3/clover-intelegence/dataset/tansformers/transformer-42/trunk-42	2306:57807431
/opt/clover-k3/clover-intelegence/dataset/trunk-38	/opt/clover-k3/clover-intelegence/code/tansformers/transformer-38/bin/dataset/trunk-38	/opt/clover-k3/clover-intelegence/dataset/tansformers/transformer-38/trunk-38	2306:57805529
/opt/clover-k3/clover-intelegence/dataset/root-43	/opt/clover-k3/clover-intelegence/code/tansformers/transformer-43/bin/dataset/root-43	/opt/clover-k3/clover-intelegence/dataset/tansformers/transformer-43/root-43	2306:57687829
/opt/clover-k3/clover-intelegence/dataset/trunk-14	/opt/clover-k3/clover-intelegence/code/tansformers/transformer-14/bin/dataset/trunk-14	/opt/clover-k3/clover-intelegence/dataset/tansformers/transformer-14/trunk-14	2306:57698641
/opt/clover-k3/clover-intelegence/dataset/root-48	/opt/clover-k3/clover-intelegence/code/tansformers/transformer-48/bin/dataset/root-48	/opt/clover-k3/clover-intelegence/dataset/tansformers/transformer-48/root-48	2306:57688229
/opt/clover-k3/clover-intelegence/dataset/root-17	/opt/clover-k3/clover-intelegence/code/tansformers/transformer-17/bin/dataset/root-17	/opt/clover-k3/clover-intelegence/dataset/tansformers/transformer-17/root-17	2306:57685743
/opt/clover-k3/clover-intelegence/dataset/trunk-33	/opt/clover-k3/clover-intelegence/code/tansformers/transformer-33/bin/dataset/trunk-33	/opt/clover-k3/clover-intelegence/dataset/tansformers/transformer-33/trunk-33	2306:57803361
/opt/clover-k3/clover-intelegence/dataset/trunk-32	/opt/clover-k3/clover-intelegence/code/tansformers/transformer-32/bin/dataset/trunk-32	/opt/clover-k3/clover-intelegence/dataset/tansformers/transformer-32/trunk-32	2306:57802922
/opt/clover-k3/clover-intelegence/dataset/trunk-27	/opt/clover-k3/clover-intelegence/code/tansformers/transformer-27/bin/dataset/trunk-27	/opt/clover-k3/clover-intelegence/dataset/tansformers/transformer-27/trunk-27	2306:57702883
/opt/clover-k3/clover-intelegence/dataset/trunk-0	/opt/clover-k3/clover-intelegence/code/server/bin/dataset/trunk-0	/opt/clover-k3/clover-intelegence/dataset/server/trunk-0	2306:57694857
/opt/clover-k3/clover-intelegence/dataset/trunk-82	/opt/clover-k3/clover-intelegence/code/tansformers/transformer-82/bin/dataset/trunk-82	/opt/clover-k3/clover-intelegence/dataset/tansformers/transformer-82/trunk-82	2306:57831212
/opt/clover-k3/clover-intelegence/dataset/trunk-60	/opt/clover-k3/clover-intelegence/code/tansformers/transformer-60/bin/dataset/trunk-60	/opt/clover-k3/clover-intelegence/dataset/tansformers/transformer-60/trunk-60	2306:57817224
