/opt/clover-k3/clover-intelegence/dataset/trunk-73	ALIAS_CENTRALIZED
/opt/clover-k3/clover-intelegence/dataset/trunk-88	ALIAS_CENTRALIZED
/opt/clover-k3/clover-intelegence/dataset/trunk-54	ALIAS_CENTRALIZED
/opt/clover-k3/clover-intelegence/dataset/root-37	ALIAS_CENTRALIZED
/opt/clover-k3/clover-intelegence/dataset/trunk-50	ALIAS_CENTRALIZED
/opt/clover-k3/clover-intelegence/dataset/root-4	ALIAS_CENTRALIZED
/opt/clover-k3/clover-intelegence/dataset/root-1	ALIAS_CENTRALIZED
/opt/clover-k3/clover-intelegence/dataset/trunk-5	ALIAS_CENTRALIZED
/opt/clover-k3/clover-intelegence/dataset/root-62	ALIAS_CENTRALIZED
/opt/clover-k3/clover-intelegence/dataset/root-14	ALIAS_CENTRALIZED
/opt/clover-k3/clover-intelegence/dataset/root-19	ALIAS_CENTRALIZED
/opt/clover-k3/clover-intelegence/dataset/operators/qkv-all/layer-16	ALIAS_CENTRALIZED
/opt/clover-k3/clover-intelegence/dataset/operators/qkv-all/layer-42	ALIAS_CENTRALIZED
/opt/clover-k3/clover-intelegence/dataset/operators/qkv-all/layer-49	ALIAS_CENTRALIZED
/opt/clover-k3/clover-intelegence/dataset/operators/qkv-all/layer-11	ALIAS_CENTRALIZED
/opt/clover-k3/clover-intelegence/dataset/operators/qkv-all/layer-32	ALIAS_CENTRALIZED
/opt/clover-k3/clover-intelegence/dataset/operators/qkv-all/layer-55	ALIAS_CENTRALIZED
/opt/clover-k3/clover-intelegence/dataset/operators/qkv-all/layer-86	ALIAS_CENTRALIZED
/opt/clover-k3/clover-intelegence/dataset/operators/qkv-all/layer-89	ALIAS_CENTRALIZED
/opt/clover-k3/clover-intelegence/dataset/operators/qkv-all/layer-66	ALIAS_CENTRALIZED
/opt/clover-k3/clover-intelegence/dataset/operators/qkv-all/layer-70	ALIAS_CENTRALIZED
/opt/clover-k3/clover-intelegence/dataset/operators/qkv-all/layer-52	ALIAS_CENTRALIZED
/opt/clover-k3/clover-intelegence/dataset/operators/qkv-all/layer-65	ALIAS_CENTRALIZED
/opt/clover-k3/clover-intelegence/dataset/operators/qkv-all/layer-25	ALIAS_CENTRALIZED
/opt/clover-k3/clover-intelegence/dataset/operators/qkv-all/layer-18	ALIAS_CENTRALIZED
/opt/clover-k3/clover-intelegence/dataset/operators/qkv-all/layer-17	ALIAS_CENTRALIZED
/opt/clover-k3/clover-intelegence/dataset/operators/qkv-all/layer-72	ALIAS_CENTRALIZED
/opt/clover-k3/clover-intelegence/dataset/operators/qkv-all/layer-92	ALIAS_CENTRALIZED
/opt/clover-k3/clover-intelegence/dataset/operators/qkv-all/layer-29	ALIAS_CENTRALIZED
/opt/clover-k3/clover-intelegence/dataset/operators/qkv-all/layer-77	ALIAS_CENTRALIZED
/opt/clover-k3/clover-intelegence/dataset/operators/qkv-all/layer-12	ALIAS_CENTRALIZED
/opt/clover-k3/clover-intelegence/dataset/operators/qkv-all/layer-73	ALIAS_CENTRALIZED
/opt/clover-k3/clover-intelegence/dataset/operators/qkv-all/layer-58	ALIAS_CENTRALIZED
/opt/clover-k3/clover-intelegence/dataset/operators/qkv-all/layer-84	ALIAS_CENTRALIZED
/opt/clover-k3/clover-intelegence/dataset/operators/qkv-all/layer-37	ALIAS_CENTRALIZED
/opt/clover-k3/clover-intelegence/dataset/operators/qkv-all/layer-8	ALIAS_CENTRALIZED
/opt/clover-k3/clover-intelegence/dataset/operators/qkv-all/layer-69	ALIAS_CENTRALIZED
/opt/clover-k3/clover-intelegence/dataset/operators/qkv-all/layer-43	ALIAS_CENTRALIZED
/opt/clover-k3/clover-intelegence/dataset/operators/qkv-all/layer-80	ALIAS_CENTRALIZED
/opt/clover-k3/clover-intelegence/dataset/operators/qkv-all/layer-24	ALIAS_CENTRALIZED
/opt/clover-k3/clover-intelegence/dataset/operators/qkv-all/layer-74	ALIAS_CENTRALIZED
/opt/clover-k3/clover-intelegence/dataset/operators/qkv-all/layer-54	ALIAS_CENTRALIZED
/opt/clover-k3/clover-intelegence/dataset/operators/qkv-all/layer-44	ALIAS_CENTRALIZED
/opt/clover-k3/clover-intelegence/dataset/operators/qkv-all/layer-20	ALIAS_CENTRALIZED
/opt/clover-k3/clover-intelegence/dataset/operators/qkv-all/layer-81	ALIAS_CENTRALIZED
/opt/clover-k3/clover-intelegence/dataset/operators/qkv-all/layer-61	ALIAS_CENTRALIZED
/opt/clover-k3/clover-intelegence/dataset/operators/qkv-all/layer-23	ALIAS_CENTRALIZED
/opt/clover-k3/clover-intelegence/dataset/operators/qkv-all/layer-34	ALIAS_CENTRALIZED
/opt/clover-k3/clover-intelegence/dataset/operators/qkv-all/layer-59	ALIAS_CENTRALIZED
/opt/clover-k3/clover-intelegence/dataset/operators/qkv-all/layer-63	ALIAS_CENTRALIZED
/opt/clover-k3/clover-intelegence/dataset/operators/qkv-all/layer-15	ALIAS_CENTRALIZED
/opt/clover-k3/clover-intelegence/dataset/operators/qkv-all/layer-33	ALIAS_CENTRALIZED
/opt/clover-k3/clover-intelegence/dataset/operators/qkv-all/layer-13	ALIAS_CENTRALIZED
/opt/clover-k3/clover-intelegence/dataset/operators/qkv-all/layer-28	ALIAS_CENTRALIZED
/opt/clover-k3/clover-intelegence/dataset/operators/qkv-all/layer-26	ALIAS_CENTRALIZED
/opt/clover-k3/clover-intelegence/dataset/operators/qkv-all/layer-47	ALIAS_CENTRALIZED
/opt/clover-k3/clover-intelegence/dataset/operators/qkv-all/layer-83	ALIAS_CENTRALIZED
/opt/clover-k3/clover-intelegence/dataset/operators/qkv-all/layer-6	ALIAS_CENTRALIZED
/opt/clover-k3/clover-intelegence/dataset/operators/qkv-all/layer-67	ALIAS_CENTRALIZED
/opt/clover-k3/clover-intelegence/dataset/operators/qkv-all/layer-75	ALIAS_CENTRALIZED
/opt/clover-k3/clover-intelegence/dataset/operators/qkv-all/layer-85	ALIAS_CENTRALIZED
/opt/clover-k3/clover-intelegence/dataset/operators/qkv-all/layer-78	ALIAS_CENTRALIZED
/opt/clover-k3/clover-intelegence/dataset/operators/qkv-all/layer-79	ALIAS_CENTRALIZED
/opt/clover-k3/clover-intelegence/dataset/operators/qkv-all/layer-5	ALIAS_CENTRALIZED
/opt/clover-k3/clover-intelegence/dataset/operators/qkv-all/layer-87	ALIAS_CENTRALIZED
/opt/clover-k3/clover-intelegence/dataset/operators/qkv-all/layer-50	ALIAS_CENTRALIZED
/opt/clover-k3/clover-intelegence/dataset/operators/qkv-all/layer-3	ALIAS_CENTRALIZED
/opt/clover-k3/clover-intelegence/dataset/operators/qkv-all/layer-38	ALIAS_CENTRALIZED
/opt/clover-k3/clover-intelegence/dataset/operators/qkv-all/layer-62	ALIAS_CENTRALIZED
/opt/clover-k3/clover-intelegence/dataset/operators/qkv-all/layer-76	ALIAS_CENTRALIZED
/opt/clover-k3/clover-intelegence/dataset/operators/qkv-all/layer-60	ALIAS_CENTRALIZED
/opt/clover-k3/clover-intelegence/dataset/operators/qkv-all/layer-1	ALIAS_CENTRALIZED
/opt/clover-k3/clover-intelegence/dataset/operators/qkv-all/layer-64	ALIAS_CENTRALIZED
/opt/clover-k3/clover-intelegence/dataset/operators/qkv-all/layer-27	ALIAS_CENTRALIZED
/opt/clover-k3/clover-intelegence/dataset/operators/qkv-all/layer-35	ALIAS_CENTRALIZED
/opt/clover-k3/clover-intelegence/dataset/operators/qkv-all/layer-19	ALIAS_CENTRALIZED
/opt/clover-k3/clover-intelegence/dataset/operators/qkv-all/layer-82	ALIAS_CENTRALIZED
/opt/clover-k3/clover-intelegence/dataset/operators/qkv-all/layer-48	ALIAS_CENTRALIZED
/opt/clover-k3/clover-intelegence/dataset/operators/qkv-all/layer-21	ALIAS_CENTRALIZED
/opt/clover-k3/clover-intelegence/dataset/operators/qkv-all/layer-31	ALIAS_CENTRALIZED
/opt/clover-k3/clover-intelegence/dataset/operators/qkv-all/layer-14	ALIAS_CENTRALIZED
/opt/clover-k3/clover-intelegence/dataset/operators/qkv-all/layer-39	ALIAS_CENTRALIZED
/opt/clover-k3/clover-intelegence/dataset/operators/qkv-all/layer-22	ALIAS_CENTRALIZED
/opt/clover-k3/clover-intelegence/dataset/operators/qkv-all/layer-45	ALIAS_CENTRALIZED
/opt/clover-k3/clover-intelegence/dataset/operators/qkv-all/layer-9	ALIAS_CENTRALIZED
/opt/clover-k3/clover-intelegence/dataset/operators/qkv-all/layer-90	ALIAS_CENTRALIZED
/opt/clover-k3/clover-intelegence/dataset/operators/qkv-all/layer-57	ALIAS_CENTRALIZED
/opt/clover-k3/clover-intelegence/dataset/operators/qkv-all/layer-36	ALIAS_CENTRALIZED
/opt/clover-k3/clover-intelegence/dataset/operators/qkv-all/layer-91	ALIAS_CENTRALIZED
/opt/clover-k3/clover-intelegence/dataset/operators/qkv-all/layer-53	ALIAS_CENTRALIZED
/opt/clover-k3/clover-intelegence/dataset/operators/qkv-all/layer-88	ALIAS_CENTRALIZED
/opt/clover-k3/clover-intelegence/dataset/operators/qkv-all/layer-56	ALIAS_CENTRALIZED
/opt/clover-k3/clover-intelegence/dataset/operators/qkv-all/layer-7	ALIAS_CENTRALIZED
/opt/clover-k3/clover-intelegence/dataset/operators/qkv-all/layer-40	ALIAS_CENTRALIZED
/opt/clover-k3/clover-intelegence/dataset/operators/qkv-all/layer-2	ALIAS_CENTRALIZED
/opt/clover-k3/clover-intelegence/dataset/operators/qkv-all/layer-51	ALIAS_CENTRALIZED
/opt/clover-k3/clover-intelegence/dataset/operators/qkv-all/layer-68	ALIAS_CENTRALIZED
/opt/clover-k3/clover-intelegence/dataset/operators/qkv-all/layer-46	ALIAS_CENTRALIZED
/opt/clover-k3/clover-intelegence/dataset/operators/qkv-all/layer-10	ALIAS_CENTRALIZED
/opt/clover-k3/clover-intelegence/dataset/operators/qkv-all/layer-71	ALIAS_CENTRALIZED
/opt/clover-k3/clover-intelegence/dataset/operators/qkv-all/layer-30	ALIAS_CENTRALIZED
/opt/clover-k3/clover-intelegence/dataset/operators/qkv-all/layer-41	ALIAS_CENTRALIZED
/opt/clover-k3/clover-intelegence/dataset/operators/qkv-all/layer-4	ALIAS_CENTRALIZED
/opt/clover-k3/clover-intelegence/dataset/operators/trunk-0-qkv	ALIAS_CENTRALIZED
/opt/clover-k3/clover-intelegence/dataset/root-25	ALIAS_CENTRALIZED
/opt/clover-k3/clover-intelegence/dataset/root-85	ALIAS_CENTRALIZED
/opt/clover-k3/clover-intelegence/dataset/root-2	ALIAS_CENTRALIZED
/opt/clover-k3/clover-intelegence/dataset/trunk-75	ALIAS_CENTRALIZED
/opt/clover-k3/clover-intelegence/dataset/root-70	ALIAS_CENTRALIZED
/opt/clover-k3/clover-intelegence/dataset/root-79	ALIAS_CENTRALIZED
/opt/clover-k3/clover-intelegence/dataset/root-50	ALIAS_CENTRALIZED
/opt/clover-k3/clover-intelegence/dataset/trunk-76	ALIAS_CENTRALIZED
/opt/clover-k3/clover-intelegence/dataset/root-89	ALIAS_CENTRALIZED
/opt/clover-k3/clover-intelegence/dataset/trunk-90	ALIAS_CENTRALIZED
/opt/clover-k3/clover-intelegence/dataset/root-39	ALIAS_CENTRALIZED
/opt/clover-k3/clover-intelegence/dataset/trunk-21	ALIAS_CENTRALIZED
/opt/clover-k3/clover-intelegence/dataset/root-54	ALIAS_CENTRALIZED
/opt/clover-k3/clover-intelegence/dataset/trunk-89	ALIAS_CENTRALIZED
/opt/clover-k3/clover-intelegence/dataset/trunk-84	ALIAS_CENTRALIZED
/opt/clover-k3/clover-intelegence/dataset/trunk-86	ALIAS_CENTRALIZED
/opt/clover-k3/clover-intelegence/dataset/trunk-44	ALIAS_CENTRALIZED
/opt/clover-k3/clover-intelegence/dataset/trunk-3	ALIAS_CENTRALIZED
/opt/clover-k3/clover-intelegence/dataset/root-88	ALIAS_CENTRALIZED
/opt/clover-k3/clover-intelegence/dataset/trunk-10	ALIAS_CENTRALIZED
/opt/clover-k3/clover-intelegence/dataset/trunk-7	ALIAS_CENTRALIZED
/opt/clover-k3/clover-intelegence/dataset/root-59	ALIAS_CENTRALIZED
/opt/clover-k3/clover-intelegence/dataset/root-68	ALIAS_CENTRALIZED
/opt/clover-k3/clover-intelegence/dataset/trunk-11	ALIAS_CENTRALIZED
/opt/clover-k3/clover-intelegence/dataset/root-5	ALIAS_CENTRALIZED
/opt/clover-k3/clover-intelegence/dataset/trunk-80	ALIAS_CENTRALIZED
/opt/clover-k3/clover-intelegence/dataset/trunk-39	ALIAS_CENTRALIZED
/opt/clover-k3/clover-intelegence/dataset/trunk-74	ALIAS_CENTRALIZED
/opt/clover-k3/clover-intelegence/dataset/root-20	ALIAS_CENTRALIZED
/opt/clover-k3/clover-intelegence/dataset/trunk-87	ALIAS_CENTRALIZED
/opt/clover-k3/clover-intelegence/dataset/trunk-69	ALIAS_CENTRALIZED
/opt/clover-k3/clover-intelegence/dataset/trunk-29	ALIAS_CENTRALIZED
/opt/clover-k3/clover-intelegence/dataset/root-84	ALIAS_CENTRALIZED
/opt/clover-k3/clover-intelegence/dataset/trunk-40	ALIAS_CENTRALIZED
/opt/clover-k3/clover-intelegence/dataset/root-26	ALIAS_CENTRALIZED
/opt/clover-k3/clover-intelegence/dataset/root-18	ALIAS_CENTRALIZED
/opt/clover-k3/clover-intelegence/dataset/trunk-34	ALIAS_CENTRALIZED
/opt/clover-k3/clover-intelegence/dataset/root-61	ALIAS_CENTRALIZED
/opt/clover-k3/clover-intelegence/dataset/root-74	ALIAS_CENTRALIZED
/opt/clover-k3/clover-intelegence/dataset/trunk-35	ALIAS_CENTRALIZED
/opt/clover-k3/clover-intelegence/dataset/root-12	ALIAS_CENTRALIZED
/opt/clover-k3/clover-intelegence/dataset/trunk-52	ALIAS_CENTRALIZED
/opt/clover-k3/clover-intelegence/dataset/root-76	ALIAS_CENTRALIZED
/opt/clover-k3/clover-intelegence/dataset/root-64	ALIAS_CENTRALIZED
/opt/clover-k3/clover-intelegence/dataset/trunk-85	ALIAS_CENTRALIZED
/opt/clover-k3/clover-intelegence/dataset/trunk-47	ALIAS_CENTRALIZED
/opt/clover-k3/clover-intelegence/dataset/trunk-64	ALIAS_CENTRALIZED
/opt/clover-k3/clover-intelegence/dataset/root-53	ALIAS_CENTRALIZED
/opt/clover-k3/clover-intelegence/dataset/trunk-67	ALIAS_CENTRALIZED
/opt/clover-k3/clover-intelegence/dataset/root-46	ALIAS_CENTRALIZED
/opt/clover-k3/clover-intelegence/dataset/root-92	ALIAS_CENTRALIZED
/opt/clover-k3/clover-intelegence/dataset/trunk-43	ALIAS_CENTRALIZED
/opt/clover-k3/clover-intelegence/dataset/root-7	ALIAS_CENTRALIZED
/opt/clover-k3/clover-intelegence/dataset/root-75	ALIAS_CENTRALIZED
/opt/clover-k3/clover-intelegence/dataset/root-91	ALIAS_CENTRALIZED
/opt/clover-k3/clover-intelegence/dataset/trunk-61	ALIAS_CENTRALIZED
/opt/clover-k3/clover-intelegence/dataset/root-9	ALIAS_CENTRALIZED
/opt/clover-k3/clover-intelegence/dataset/trunk-17	ALIAS_CENTRALIZED
/opt/clover-k3/clover-intelegence/dataset/root-65	ALIAS_CENTRALIZED
/opt/clover-k3/clover-intelegence/dataset/root-27	ALIAS_CENTRALIZED
/opt/clover-k3/clover-intelegence/dataset/root-33	ALIAS_CENTRALIZED
/opt/clover-k3/clover-intelegence/dataset/root-35	ALIAS_CENTRALIZED
/opt/clover-k3/clover-intelegence/dataset/trunk-4	ALIAS_CENTRALIZED
/opt/clover-k3/clover-intelegence/dataset/trunk-24	ALIAS_CENTRALIZED
/opt/clover-k3/clover-intelegence/dataset/root-67	ALIAS_CENTRALIZED
/opt/clover-k3/clover-intelegence/dataset/trunk-1	ALIAS_CENTRALIZED
/opt/clover-k3/clover-intelegence/dataset/root-31	ALIAS_CENTRALIZED
/opt/clover-k3/clover-intelegence/dataset/trunk-56	ALIAS_CENTRALIZED
/opt/clover-k3/clover-intelegence/dataset/trunk-28	ALIAS_CENTRALIZED
/opt/clover-k3/clover-intelegence/dataset/trunk-70	ALIAS_CENTRALIZED
/opt/clover-k3/clover-intelegence/dataset/root-11	ALIAS_CENTRALIZED
/opt/clover-k3/clover-intelegence/dataset/root-21	ALIAS_CENTRALIZED
/opt/clover-k3/clover-intelegence/dataset/root-60	ALIAS_CENTRALIZED
/opt/clover-k3/clover-intelegence/dataset/trunk-81	ALIAS_CENTRALIZED
/opt/clover-k3/clover-intelegence/dataset/root-6	ALIAS_CENTRALIZED
/opt/clover-k3/clover-intelegence/dataset/root-49	ALIAS_CENTRALIZED
/opt/clover-k3/clover-intelegence/dataset/root-28	ALIAS_CENTRALIZED
/opt/clover-k3/clover-intelegence/dataset/trunk-83	ALIAS_CENTRALIZED
/opt/clover-k3/clover-intelegence/dataset/root-78	ALIAS_CENTRALIZED
/opt/clover-k3/clover-intelegence/dataset/trunk-18	ALIAS_CENTRALIZED
/opt/clover-k3/clover-intelegence/dataset/root-90	ALIAS_CENTRALIZED
/opt/clover-k3/clover-intelegence/dataset/trunk-68	ALIAS_CENTRALIZED
/opt/clover-k3/clover-intelegence/dataset/trunk-20	ALIAS_CENTRALIZED
/opt/clover-k3/clover-intelegence/dataset/trunk-57	ALIAS_CENTRALIZED
/opt/clover-k3/clover-intelegence/dataset/root-15	ALIAS_CENTRALIZED
/opt/clover-k3/clover-intelegence/dataset/root-45	ALIAS_CENTRALIZED
/opt/clover-k3/clover-intelegence/dataset/trunk-59	ALIAS_CENTRALIZED
/opt/clover-k3/clover-intelegence/dataset/root-80	ALIAS_CENTRALIZED
/opt/clover-k3/clover-intelegence/dataset/trunk-58	ALIAS_CENTRALIZED
/opt/clover-k3/clover-intelegence/dataset/root-29	ALIAS_CENTRALIZED
/opt/clover-k3/clover-intelegence/dataset/trunk-23	ALIAS_CENTRALIZED
/opt/clover-k3/clover-intelegence/dataset/trunk-45	ALIAS_CENTRALIZED
/opt/clover-k3/clover-intelegence/dataset/trunk-48	ALIAS_CENTRALIZED
/opt/clover-k3/clover-intelegence/dataset/root-13	ALIAS_CENTRALIZED
/opt/clover-k3/clover-intelegence/dataset/root-42	ALIAS_CENTRALIZED
/opt/clover-k3/clover-intelegence/dataset/trunk-13	ALIAS_CENTRALIZED
/opt/clover-k3/clover-intelegence/dataset/trunk-26	ALIAS_CENTRALIZED
/opt/clover-k3/clover-intelegence/dataset/trunk-37	ALIAS_CENTRALIZED
/opt/clover-k3/clover-intelegence/dataset/root-63	ALIAS_CENTRALIZED
/opt/clover-k3/clover-intelegence/dataset/root-10	ALIAS_CENTRALIZED
/opt/clover-k3/clover-intelegence/dataset/trunk-19	ALIAS_CENTRALIZED
/opt/clover-k3/clover-intelegence/dataset/root-58	ALIAS_CENTRALIZED
/opt/clover-k3/clover-intelegence/dataset/trunk-16	ALIAS_CENTRALIZED
/opt/clover-k3/clover-intelegence/dataset/trunk-6	ALIAS_CENTRALIZED
/opt/clover-k3/clover-intelegence/dataset/root-30	ALIAS_CENTRALIZED
/opt/clover-k3/clover-intelegence/dataset/root-52	ALIAS_CENTRALIZED
/opt/clover-k3/clover-intelegence/dataset/root-86	ALIAS_CENTRALIZED
/opt/clover-k3/clover-intelegence/dataset/trunk-46	ALIAS_CENTRALIZED
/opt/clover-k3/clover-intelegence/dataset/root-36	ALIAS_CENTRALIZED
/opt/clover-k3/clover-intelegence/dataset/root-83	ALIAS_CENTRALIZED
/opt/clover-k3/clover-intelegence/dataset/root-73	ALIAS_CENTRALIZED
/opt/clover-k3/clover-intelegence/dataset/root-82	ALIAS_CENTRALIZED
/opt/clover-k3/clover-intelegence/dataset/trunk-15	ALIAS_CENTRALIZED
/opt/clover-k3/clover-intelegence/dataset/root-47	ALIAS_CENTRALIZED
/opt/clover-k3/clover-intelegence/dataset/trunk-49	ALIAS_CENTRALIZED
/opt/clover-k3/clover-intelegence/dataset/trunk-51	ALIAS_CENTRALIZED
/opt/clover-k3/clover-intelegence/dataset/trunk-41	ALIAS_CENTRALIZED
/opt/clover-k3/clover-intelegence/dataset/root-40	ALIAS_CENTRALIZED
/opt/clover-k3/clover-intelegence/dataset/root-23	ALIAS_CENTRALIZED
/opt/clover-k3/clover-intelegence/dataset/root-8	ALIAS_CENTRALIZED
/opt/clover-k3/clover-intelegence/dataset/trunk-55	ALIAS_CENTRALIZED
/opt/clover-k3/clover-intelegence/dataset/root-56	ALIAS_CENTRALIZED
/opt/clover-k3/clover-intelegence/dataset/trunk-25	ALIAS_CENTRALIZED
/opt/clover-k3/clover-intelegence/dataset/trunk-72	ALIAS_CENTRALIZED
/opt/clover-k3/clover-intelegence/dataset/root-72	ALIAS_CENTRALIZED
/opt/clover-k3/clover-intelegence/dataset/trunk-53	ALIAS_CENTRALIZED
/opt/clover-k3/clover-intelegence/dataset/trunk-22	ALIAS_CENTRALIZED
/opt/clover-k3/clover-intelegence/dataset/root-69	ALIAS_CENTRALIZED
/opt/clover-k3/clover-intelegence/dataset/trunk-2	ALIAS_CENTRALIZED
/opt/clover-k3/clover-intelegence/dataset/trunk-79	ALIAS_CENTRALIZED
/opt/clover-k3/clover-intelegence/dataset/trunk-77	ALIAS_CENTRALIZED
/opt/clover-k3/clover-intelegence/dataset/root-77	ALIAS_CENTRALIZED
/opt/clover-k3/clover-intelegence/dataset/trunk-91	ALIAS_CENTRALIZED
/opt/clover-k3/clover-intelegence/dataset/root-34	ALIAS_CENTRALIZED
/opt/clover-k3/clover-intelegence/dataset/trunk-12	ALIAS_CENTRALIZED
/opt/clover-k3/clover-intelegence/dataset/root-22	ALIAS_CENTRALIZED
/opt/clover-k3/clover-intelegence/dataset/trunk-30	ALIAS_CENTRALIZED
/opt/clover-k3/clover-intelegence/dataset/root-81	ALIAS_CENTRALIZED
/opt/clover-k3/clover-intelegence/dataset/root-57	ALIAS_CENTRALIZED
/opt/clover-k3/clover-intelegence/dataset/leaves.json	ALIAS_CENTRALIZED
/opt/clover-k3/clover-intelegence/dataset/trunk-71	ALIAS_CENTRALIZED
/opt/clover-k3/clover-intelegence/dataset/root-16	ALIAS_CENTRALIZED
/opt/clover-k3/clover-intelegence/dataset/trunk-31	ALIAS_CENTRALIZED
/opt/clover-k3/clover-intelegence/dataset/trunk-8	ALIAS_CENTRALIZED
/opt/clover-k3/clover-intelegence/dataset/root-41	ALIAS_CENTRALIZED
/opt/clover-k3/clover-intelegence/dataset/root-87	ALIAS_CENTRALIZED
/opt/clover-k3/clover-intelegence/dataset/root-66	ALIAS_CENTRALIZED
/opt/clover-k3/clover-intelegence/dataset/root-55	ALIAS_CENTRALIZED
/opt/clover-k3/clover-intelegence/dataset/root-3	ALIAS_CENTRALIZED
/opt/clover-k3/clover-intelegence/dataset/trunk-62	ALIAS_CENTRALIZED
/opt/clover-k3/clover-intelegence/dataset/trunk-63	ALIAS_CENTRALIZED
/opt/clover-k3/clover-intelegence/dataset/root-51	ALIAS_CENTRALIZED
/opt/clover-k3/clover-intelegence/dataset/root-24	ALIAS_CENTRALIZED
/opt/clover-k3/clover-intelegence/dataset/root-44	ALIAS_CENTRALIZED
/opt/clover-k3/clover-intelegence/dataset/root-38	ALIAS_CENTRALIZED
/opt/clover-k3/clover-intelegence/dataset/trunk-36	ALIAS_CENTRALIZED
/opt/clover-k3/clover-intelegence/dataset/root-32	ALIAS_CENTRALIZED
/opt/clover-k3/clover-intelegence/dataset/trunk-65	ALIAS_CENTRALIZED
/opt/clover-k3/clover-intelegence/dataset/trunk-78	ALIAS_CENTRALIZED
/opt/clover-k3/clover-intelegence/dataset/trunk-92	ALIAS_CENTRALIZED
/opt/clover-k3/clover-intelegence/dataset/root-71	ALIAS_CENTRALIZED
/opt/clover-k3/clover-intelegence/dataset/trunk-9	ALIAS_CENTRALIZED
/opt/clover-k3/clover-intelegence/dataset/trunk-66	ALIAS_CENTRALIZED
/opt/clover-k3/clover-intelegence/dataset/trunk-42	ALIAS_CENTRALIZED
/opt/clover-k3/clover-intelegence/dataset/trunk-38	ALIAS_CENTRALIZED
/opt/clover-k3/clover-intelegence/dataset/root-43	ALIAS_CENTRALIZED
/opt/clover-k3/clover-intelegence/dataset/trunk-14	ALIAS_CENTRALIZED
/opt/clover-k3/clover-intelegence/dataset/root-48	ALIAS_CENTRALIZED
/opt/clover-k3/clover-intelegence/dataset/root-17	ALIAS_CENTRALIZED
/opt/clover-k3/clover-intelegence/dataset/trunk-33	ALIAS_CENTRALIZED
/opt/clover-k3/clover-intelegence/dataset/trunk-32	ALIAS_CENTRALIZED
/opt/clover-k3/clover-intelegence/dataset/trunk-27	ALIAS_CENTRALIZED
/opt/clover-k3/clover-intelegence/dataset/trunk-0	ALIAS_CENTRALIZED
/opt/clover-k3/clover-intelegence/dataset/trunk-82	ALIAS_CENTRALIZED
/opt/clover-k3/clover-intelegence/dataset/trunk-60	ALIAS_CENTRALIZED
client	STARTED
client	MOVED_AND_VERIFIED
normalization	STARTED
normalization	MOVED_AND_VERIFIED
pipeline	STARTED
pipeline	MOVED_AND_VERIFIED
server	STARTED
server	MOVED_AND_VERIFIED
tansformers	STARTED
tansformers	MOVED_AND_VERIFIED
