client/bin/dataset	../../../dataset/client	/opt/clover-k3/clover-intelegence/dataset/client	2306:57938688
normalization/bin/dataset	../../../dataset/normalization	/opt/clover-k3/clover-intelegence/dataset/normalization	2306:57940739
server/bin/dataset	../../../dataset/server	/opt/clover-k3/clover-intelegence/dataset/server	2306:57938710
tansformers/transformer-10/bin/dataset	../../../../dataset/tansformers/transformer-10	/opt/clover-k3/clover-intelegence/dataset/tansformers/transformer-10	2306:57939944
tansformers/transformer-11/bin/dataset	../../../../dataset/tansformers/transformer-11	/opt/clover-k3/clover-intelegence/dataset/tansformers/transformer-11	2306:57939951
tansformers/transformer-12/bin/dataset	../../../../dataset/tansformers/transformer-12	/opt/clover-k3/clover-intelegence/dataset/tansformers/transformer-12	2306:57939958
tansformers/transformer-13/bin/dataset	../../../../dataset/tansformers/transformer-13	/opt/clover-k3/clover-intelegence/dataset/tansformers/transformer-13	2306:57939965
tansformers/transformer-14/bin/dataset	../../../../dataset/tansformers/transformer-14	/opt/clover-k3/clover-intelegence/dataset/tansformers/transformer-14	2306:57939972
tansformers/transformer-15/bin/dataset	../../../../dataset/tansformers/transformer-15	/opt/clover-k3/clover-intelegence/dataset/tansformers/transformer-15	2306:57939979
tansformers/transformer-16/bin/dataset	../../../../dataset/tansformers/transformer-16	/opt/clover-k3/clover-intelegence/dataset/tansformers/transformer-16	2306:57939986
tansformers/transformer-17/bin/dataset	../../../../dataset/tansformers/transformer-17	/opt/clover-k3/clover-intelegence/dataset/tansformers/transformer-17	2306:57939993
tansformers/transformer-18/bin/dataset	../../../../dataset/tansformers/transformer-18	/opt/clover-k3/clover-intelegence/dataset/tansformers/transformer-18	2306:57940000
tansformers/transformer-19/bin/dataset	../../../../dataset/tansformers/transformer-19	/opt/clover-k3/clover-intelegence/dataset/tansformers/transformer-19	2306:57940007
tansformers/transformer-1/bin/dataset	../../../../dataset/tansformers/transformer-1	/opt/clover-k3/clover-intelegence/dataset/tansformers/transformer-1	2306:57938744
tansformers/transformer-20/bin/dataset	../../../../dataset/tansformers/transformer-20	/opt/clover-k3/clover-intelegence/dataset/tansformers/transformer-20	2306:57940014
tansformers/transformer-21/bin/dataset	../../../../dataset/tansformers/transformer-21	/opt/clover-k3/clover-intelegence/dataset/tansformers/transformer-21	2306:57940021
tansformers/transformer-22/bin/dataset	../../../../dataset/tansformers/transformer-22	/opt/clover-k3/clover-intelegence/dataset/tansformers/transformer-22	2306:57940028
tansformers/transformer-23/bin/dataset	../../../../dataset/tansformers/transformer-23	/opt/clover-k3/clover-intelegence/dataset/tansformers/transformer-23	2306:57940035
tansformers/transformer-24/bin/dataset	../../../../dataset/tansformers/transformer-24	/opt/clover-k3/clover-intelegence/dataset/tansformers/transformer-24	2306:57940042
tansformers/transformer-25/bin/dataset	../../../../dataset/tansformers/transformer-25	/opt/clover-k3/clover-intelegence/dataset/tansformers/transformer-25	2306:57940049
tansformers/transformer-26/bin/dataset	../../../../dataset/tansformers/transformer-26	/opt/clover-k3/clover-intelegence/dataset/tansformers/transformer-26	2306:57940056
tansformers/transformer-27/bin/dataset	../../../../dataset/tansformers/transformer-27	/opt/clover-k3/clover-intelegence/dataset/tansformers/transformer-27	2306:57940063
tansformers/transformer-28/bin/dataset	../../../../dataset/tansformers/transformer-28	/opt/clover-k3/clover-intelegence/dataset/tansformers/transformer-28	2306:57940070
tansformers/transformer-29/bin/dataset	../../../../dataset/tansformers/transformer-29	/opt/clover-k3/clover-intelegence/dataset/tansformers/transformer-29	2306:57940077
tansformers/transformer-2/bin/dataset	../../../../dataset/tansformers/transformer-2	/opt/clover-k3/clover-intelegence/dataset/tansformers/transformer-2	2306:57939888
tansformers/transformer-30/bin/dataset	../../../../dataset/tansformers/transformer-30	/opt/clover-k3/clover-intelegence/dataset/tansformers/transformer-30	2306:57940084
tansformers/transformer-31/bin/dataset	../../../../dataset/tansformers/transformer-31	/opt/clover-k3/clover-intelegence/dataset/tansformers/transformer-31	2306:57940091
tansformers/transformer-32/bin/dataset	../../../../dataset/tansformers/transformer-32	/opt/clover-k3/clover-intelegence/dataset/tansformers/transformer-32	2306:57940098
tansformers/transformer-33/bin/dataset	../../../../dataset/tansformers/transformer-33	/opt/clover-k3/clover-intelegence/dataset/tansformers/transformer-33	2306:57940105
tansformers/transformer-34/bin/dataset	../../../../dataset/tansformers/transformer-34	/opt/clover-k3/clover-intelegence/dataset/tansformers/transformer-34	2306:57940112
tansformers/transformer-35/bin/dataset	../../../../dataset/tansformers/transformer-35	/opt/clover-k3/clover-intelegence/dataset/tansformers/transformer-35	2306:57940119
tansformers/transformer-36/bin/dataset	../../../../dataset/tansformers/transformer-36	/opt/clover-k3/clover-intelegence/dataset/tansformers/transformer-36	2306:57940126
tansformers/transformer-37/bin/dataset	../../../../dataset/tansformers/transformer-37	/opt/clover-k3/clover-intelegence/dataset/tansformers/transformer-37	2306:57940133
tansformers/transformer-38/bin/dataset	../../../../dataset/tansformers/transformer-38	/opt/clover-k3/clover-intelegence/dataset/tansformers/transformer-38	2306:57940140
tansformers/transformer-39/bin/dataset	../../../../dataset/tansformers/transformer-39	/opt/clover-k3/clover-intelegence/dataset/tansformers/transformer-39	2306:57940147
tansformers/transformer-3/bin/dataset	../../../../dataset/tansformers/transformer-3	/opt/clover-k3/clover-intelegence/dataset/tansformers/transformer-3	2306:57939895
tansformers/transformer-40/bin/dataset	../../../../dataset/tansformers/transformer-40	/opt/clover-k3/clover-intelegence/dataset/tansformers/transformer-40	2306:57940154
tansformers/transformer-41/bin/dataset	../../../../dataset/tansformers/transformer-41	/opt/clover-k3/clover-intelegence/dataset/tansformers/transformer-41	2306:57940161
tansformers/transformer-42/bin/dataset	../../../../dataset/tansformers/transformer-42	/opt/clover-k3/clover-intelegence/dataset/tansformers/transformer-42	2306:57940168
tansformers/transformer-43/bin/dataset	../../../../dataset/tansformers/transformer-43	/opt/clover-k3/clover-intelegence/dataset/tansformers/transformer-43	2306:57940175
tansformers/transformer-44/bin/dataset	../../../../dataset/tansformers/transformer-44	/opt/clover-k3/clover-intelegence/dataset/tansformers/transformer-44	2306:57940182
tansformers/transformer-45/bin/dataset	../../../../dataset/tansformers/transformer-45	/opt/clover-k3/clover-intelegence/dataset/tansformers/transformer-45	2306:57940189
tansformers/transformer-46/bin/dataset	../../../../dataset/tansformers/transformer-46	/opt/clover-k3/clover-intelegence/dataset/tansformers/transformer-46	2306:57940196
tansformers/transformer-47/bin/dataset	../../../../dataset/tansformers/transformer-47	/opt/clover-k3/clover-intelegence/dataset/tansformers/transformer-47	2306:57940203
tansformers/transformer-48/bin/dataset	../../../../dataset/tansformers/transformer-48	/opt/clover-k3/clover-intelegence/dataset/tansformers/transformer-48	2306:57940210
tansformers/transformer-49/bin/dataset	../../../../dataset/tansformers/transformer-49	/opt/clover-k3/clover-intelegence/dataset/tansformers/transformer-49	2306:57940217
tansformers/transformer-4/bin/dataset	../../../../dataset/tansformers/transformer-4	/opt/clover-k3/clover-intelegence/dataset/tansformers/transformer-4	2306:57939902
tansformers/transformer-50/bin/dataset	../../../../dataset/tansformers/transformer-50	/opt/clover-k3/clover-intelegence/dataset/tansformers/transformer-50	2306:57940224
tansformers/transformer-51/bin/dataset	../../../../dataset/tansformers/transformer-51	/opt/clover-k3/clover-intelegence/dataset/tansformers/transformer-51	2306:57940231
tansformers/transformer-52/bin/dataset	../../../../dataset/tansformers/transformer-52	/opt/clover-k3/clover-intelegence/dataset/tansformers/transformer-52	2306:57940238
tansformers/transformer-53/bin/dataset	../../../../dataset/tansformers/transformer-53	/opt/clover-k3/clover-intelegence/dataset/tansformers/transformer-53	2306:57940245
tansformers/transformer-54/bin/dataset	../../../../dataset/tansformers/transformer-54	/opt/clover-k3/clover-intelegence/dataset/tansformers/transformer-54	2306:57940252
tansformers/transformer-55/bin/dataset	../../../../dataset/tansformers/transformer-55	/opt/clover-k3/clover-intelegence/dataset/tansformers/transformer-55	2306:57940259
tansformers/transformer-56/bin/dataset	../../../../dataset/tansformers/transformer-56	/opt/clover-k3/clover-intelegence/dataset/tansformers/transformer-56	2306:57940266
tansformers/transformer-57/bin/dataset	../../../../dataset/tansformers/transformer-57	/opt/clover-k3/clover-intelegence/dataset/tansformers/transformer-57	2306:57940273
tansformers/transformer-58/bin/dataset	../../../../dataset/tansformers/transformer-58	/opt/clover-k3/clover-intelegence/dataset/tansformers/transformer-58	2306:57940280
tansformers/transformer-59/bin/dataset	../../../../dataset/tansformers/transformer-59	/opt/clover-k3/clover-intelegence/dataset/tansformers/transformer-59	2306:57940287
tansformers/transformer-5/bin/dataset	../../../../dataset/tansformers/transformer-5	/opt/clover-k3/clover-intelegence/dataset/tansformers/transformer-5	2306:57939909
tansformers/transformer-60/bin/dataset	../../../../dataset/tansformers/transformer-60	/opt/clover-k3/clover-intelegence/dataset/tansformers/transformer-60	2306:57940294
tansformers/transformer-61/bin/dataset	../../../../dataset/tansformers/transformer-61	/opt/clover-k3/clover-intelegence/dataset/tansformers/transformer-61	2306:57940301
tansformers/transformer-62/bin/dataset	../../../../dataset/tansformers/transformer-62	/opt/clover-k3/clover-intelegence/dataset/tansformers/transformer-62	2306:57940308
tansformers/transformer-63/bin/dataset	../../../../dataset/tansformers/transformer-63	/opt/clover-k3/clover-intelegence/dataset/tansformers/transformer-63	2306:57940315
tansformers/transformer-64/bin/dataset	../../../../dataset/tansformers/transformer-64	/opt/clover-k3/clover-intelegence/dataset/tansformers/transformer-64	2306:57940322
tansformers/transformer-65/bin/dataset	../../../../dataset/tansformers/transformer-65	/opt/clover-k3/clover-intelegence/dataset/tansformers/transformer-65	2306:57940329
tansformers/transformer-66/bin/dataset	../../../../dataset/tansformers/transformer-66	/opt/clover-k3/clover-intelegence/dataset/tansformers/transformer-66	2306:57940336
tansformers/transformer-67/bin/dataset	../../../../dataset/tansformers/transformer-67	/opt/clover-k3/clover-intelegence/dataset/tansformers/transformer-67	2306:57940343
tansformers/transformer-68/bin/dataset	../../../../dataset/tansformers/transformer-68	/opt/clover-k3/clover-intelegence/dataset/tansformers/transformer-68	2306:57940350
tansformers/transformer-69/bin/dataset	../../../../dataset/tansformers/transformer-69	/opt/clover-k3/clover-intelegence/dataset/tansformers/transformer-69	2306:57940357
tansformers/transformer-6/bin/dataset	../../../../dataset/tansformers/transformer-6	/opt/clover-k3/clover-intelegence/dataset/tansformers/transformer-6	2306:57939916
tansformers/transformer-70/bin/dataset	../../../../dataset/tansformers/transformer-70	/opt/clover-k3/clover-intelegence/dataset/tansformers/transformer-70	2306:57940364
tansformers/transformer-71/bin/dataset	../../../../dataset/tansformers/transformer-71	/opt/clover-k3/clover-intelegence/dataset/tansformers/transformer-71	2306:57940371
tansformers/transformer-72/bin/dataset	../../../../dataset/tansformers/transformer-72	/opt/clover-k3/clover-intelegence/dataset/tansformers/transformer-72	2306:57940378
tansformers/transformer-73/bin/dataset	../../../../dataset/tansformers/transformer-73	/opt/clover-k3/clover-intelegence/dataset/tansformers/transformer-73	2306:57940385
tansformers/transformer-74/bin/dataset	../../../../dataset/tansformers/transformer-74	/opt/clover-k3/clover-intelegence/dataset/tansformers/transformer-74	2306:57940392
tansformers/transformer-75/bin/dataset	../../../../dataset/tansformers/transformer-75	/opt/clover-k3/clover-intelegence/dataset/tansformers/transformer-75	2306:57940399
tansformers/transformer-76/bin/dataset	../../../../dataset/tansformers/transformer-76	/opt/clover-k3/clover-intelegence/dataset/tansformers/transformer-76	2306:57940406
tansformers/transformer-77/bin/dataset	../../../../dataset/tansformers/transformer-77	/opt/clover-k3/clover-intelegence/dataset/tansformers/transformer-77	2306:57940413
tansformers/transformer-78/bin/dataset	../../../../dataset/tansformers/transformer-78	/opt/clover-k3/clover-intelegence/dataset/tansformers/transformer-78	2306:57940420
tansformers/transformer-79/bin/dataset	../../../../dataset/tansformers/transformer-79	/opt/clover-k3/clover-intelegence/dataset/tansformers/transformer-79	2306:57940427
tansformers/transformer-7/bin/dataset	../../../../dataset/tansformers/transformer-7	/opt/clover-k3/clover-intelegence/dataset/tansformers/transformer-7	2306:57939923
tansformers/transformer-80/bin/dataset	../../../../dataset/tansformers/transformer-80	/opt/clover-k3/clover-intelegence/dataset/tansformers/transformer-80	2306:57940434
tansformers/transformer-81/bin/dataset	../../../../dataset/tansformers/transformer-81	/opt/clover-k3/clover-intelegence/dataset/tansformers/transformer-81	2306:57940441
tansformers/transformer-82/bin/dataset	../../../../dataset/tansformers/transformer-82	/opt/clover-k3/clover-intelegence/dataset/tansformers/transformer-82	2306:57940448
tansformers/transformer-83/bin/dataset	../../../../dataset/tansformers/transformer-83	/opt/clover-k3/clover-intelegence/dataset/tansformers/transformer-83	2306:57940455
tansformers/transformer-84/bin/dataset	../../../../dataset/tansformers/transformer-84	/opt/clover-k3/clover-intelegence/dataset/tansformers/transformer-84	2306:57940462
tansformers/transformer-85/bin/dataset	../../../../dataset/tansformers/transformer-85	/opt/clover-k3/clover-intelegence/dataset/tansformers/transformer-85	2306:57940469
tansformers/transformer-86/bin/dataset	../../../../dataset/tansformers/transformer-86	/opt/clover-k3/clover-intelegence/dataset/tansformers/transformer-86	2306:57940476
tansformers/transformer-87/bin/dataset	../../../../dataset/tansformers/transformer-87	/opt/clover-k3/clover-intelegence/dataset/tansformers/transformer-87	2306:57940483
tansformers/transformer-88/bin/dataset	../../../../dataset/tansformers/transformer-88	/opt/clover-k3/clover-intelegence/dataset/tansformers/transformer-88	2306:57940490
tansformers/transformer-89/bin/dataset	../../../../dataset/tansformers/transformer-89	/opt/clover-k3/clover-intelegence/dataset/tansformers/transformer-89	2306:57940497
tansformers/transformer-8/bin/dataset	../../../../dataset/tansformers/transformer-8	/opt/clover-k3/clover-intelegence/dataset/tansformers/transformer-8	2306:57939930
tansformers/transformer-90/bin/dataset	../../../../dataset/tansformers/transformer-90	/opt/clover-k3/clover-intelegence/dataset/tansformers/transformer-90	2306:57940504
tansformers/transformer-91/bin/dataset	../../../../dataset/tansformers/transformer-91	/opt/clover-k3/clover-intelegence/dataset/tansformers/transformer-91	2306:57940511
tansformers/transformer-92/bin/dataset	../../../../dataset/tansformers/transformer-92	/opt/clover-k3/clover-intelegence/dataset/tansformers/transformer-92	2306:57940518
tansformers/transformer-9/bin/dataset	../../../../dataset/tansformers/transformer-9	/opt/clover-k3/clover-intelegence/dataset/tansformers/transformer-9	2306:57939937
