first_token_row	rows	values	bytes	chunk_sha256
0	256	1835008	3670016	c41cffa5715aec362aa884c8a45e5857a65d75d4163036c557539a435406c949
256	256	1835008	3670016	ef2241c2246385fb03e4722ef88147c71342e46f68efb3e37898a25f34a438ef
512	256	1835008	3670016	8f1167f54f505e7475a50dfd2dabbecc9df613bd10bfeff9d02a4f0e290e3519
768	256	1835008	3670016	4a80197c4f94b12ea538d17366e7c59d03dad5691f58c6d72461ec94848a108e
1024	256	1835008	3670016	fbe68aca665d5ef1d9fe0f67512cd5c5c545d00d5e45b4cbda8a0cec2dc50cda
1280	256	1835008	3670016	f68a11cbfdd089382933910fd8683e7a93f2a8ee4bb15cf40dc08d5e00810191
1536	256	1835008	3670016	e997482075a24ae78537316c383cb0688d16e937f3887f892d8c171d901e78ad
1792	256	1835008	3670016	75916010882530caec47da25c3b38ffbb9550970d29ba066281951f1c19a7178
2048	256	1835008	3670016	9bafb783f1e493aecfac9f201a560252e204f206128d6ca013b95f3f5b79a53b
2304	256	1835008	3670016	a1efd5ea3a37ee2cb348f77c00c2ff11e917dc157fd0315072b2b4a137cd7650
2560	256	1835008	3670016	840a4cc637506eefe7f2942d1a9ae11f1ebaf639e1a05411b3a60d0389621923
2816	256	1835008	3670016	e0d3515de87cf6099ee95a07c54cbcc518dbd4747c589848e439664858c870eb
3072	256	1835008	3670016	8aafbefcaa1b9e47275642e2d700cb71d64ca23816f10f96d1ab6ac5d81b02bf
3328	256	1835008	3670016	3e74d16cc565e3dba1064d749323c0b95043c934877bdf954681ed279f76a895
3584	256	1835008	3670016	0c822e3a1aedb60dcaced092dbd5f38ccc592e7cf9d3de24fc029711a471be66
3840	256	1835008	3670016	15687db76222ef0d0f29b1aa03e27c460fbd9c17ad7a9737c946116443ba787b
4096	256	1835008	3670016	36e30fb67029ee8a6796b1ea6d3149598e062196fc7ab6cb2c2b4e1374408146
4352	256	1835008	3670016	d4823755f0d64deb32c18ac835e7226bc4226f93b100658e7096aad00b287922
4608	256	1835008	3670016	4f3c22d947bf3cf9b97a7d6801f861384bdeb3326424049acf13ee7b0cb57c76
4864	256	1835008	3670016	ffea9cc5328f1a2d019f178fdcb4729a2ee101e04100d23038f999036d6b57cd
5120	256	1835008	3670016	a0224754f6dcfceee5871fb09fda27162ba65ac59c180c5e0e3e1ddd5c6f15fe
5376	256	1835008	3670016	0150e1ae8319702bbbffd073f596d0978818e3f8157bbf5108af1d041830913c
5632	256	1835008	3670016	4a8dd9b782deca159516d0271d108a0148df22062eb6dab08be6cfad6b9f79f7
5888	256	1835008	3670016	30504e6be5952bef2ebc940b1d43f522343081e95fc2989c695d37ac98b7d80c
6144	256	1835008	3670016	dcb818cd8ac4185bbcd982e01c78d159527179cb672e3bea302d530cd0c8bf2b
6400	256	1835008	3670016	23a3f05231a614b970c32a0b406e60e64f962564148d88876bb359459b28886b
6656	256	1835008	3670016	5b4fad81835a0f2da9a9abd36c4649a484d991ab9fd9f716f64d2f5889596d16
6912	256	1835008	3670016	eaed257115833810792100f0e68528a9caef49320c9da686352f76c8610c3492
7168	256	1835008	3670016	767afc13bbfc4e941b7b84cadf6a8db3154852e064added9b6b2f3a23a7438ae
7424	256	1835008	3670016	066642328dfddcdbd08dc2151f2087b0344fecb87d5d442cfb532178ec5f8632
7680	256	1835008	3670016	c284f0564cbd998c2aaebccd75dd2e094794aa1dcd8f66ec636eb50380d897a5
7936	256	1835008	3670016	324c44b673595b69b78f1129346fae556788a40664020e0159cacf4475598e99
8192	256	1835008	3670016	028413da7a12832ccf68ee655ebbbdd0423d006e94393b876d9f1f18be80e1b7
8448	256	1835008	3670016	4d7e54e4be4c08e78ccd869d7a626b0e5859077c9f359755f1181719e7fbf735
8704	256	1835008	3670016	f622be2fdd711cb9983bb0cf612f1d9bb0c4ea4192d5144e4b5d68349596939d
8960	256	1835008	3670016	2f69688112c410c422708a5921e58615ae30db13947530957f29b9d301f27aeb
9216	256	1835008	3670016	d0764178f3e50ae2f242eaefb4222ea88e4249e2d9472b97e9fdc89eb39417f7
9472	256	1835008	3670016	12398797e77876ea77624abc663758f9030ce14069ff858275d3d6067599fce2
9728	256	1835008	3670016	e80b00fb70a4f9f00d7f2f25a6df8cda5f786cef43b717b932e6aed71cfa96c3
9984	256	1835008	3670016	81d4b80f6d0e5196b283139795d6f3d4ddcef656140aeb04b1f79a1a33ca9938
10240	256	1835008	3670016	a3bfa0f581d1dd97f034999839515c6b456f80888c6cd4446dd928ca35c32523
10496	256	1835008	3670016	6570411eb68c49ed04f61a71376fd5ddec0433f823839686d2dd080384aecd1b
10752	256	1835008	3670016	ff09cee0149bd08dcb1da98557732950e85b2f54786863c8c7b63fdb22424a2b
11008	256	1835008	3670016	18431eb81011857dfde6debb8b84637963a30f6f817975319e53e9b0bb5fc49b
11264	256	1835008	3670016	50e038e6f06d693c677650437ae601e92da80b5f8161baf07748f2af5d31e462
11520	256	1835008	3670016	80d5e1e99b7d04438e9fa611c796d378b3b2e27ed2aa5492aa90a2177c2eac5f
11776	256	1835008	3670016	a1b5b8eb4b7618cccfff04679d02dc04672f84eb17c3b26e71b09df14964649d
12032	256	1835008	3670016	258b2e0bb20b125829cb9ba3a21c5e0b4d16c054d8ea53257dd2d38f2f4fc0f5
12288	256	1835008	3670016	c9f67453c4ccf4140f69a3e510cafa6c42b49104236272ccf46d4b4075d026fe
12544	256	1835008	3670016	142ca31a573c6896d0f98fb3a0a130ed63f36090f2fe11f69274877838c37334
12800	256	1835008	3670016	685c480b481107965b810116fb6ca46a18d6407573a8b94e31767adf544aebcf
13056	256	1835008	3670016	d964103195b1cc69ed0a0d092927bf19010a939963142b4a5f0d6087874af454
13312	256	1835008	3670016	8eebaa85910632126c0e7d344abb1d9cf9dcadfe34f9b9867c53842ed9ae7c60
13568	256	1835008	3670016	e38251b00a258a22f6cb88d086ab2a03c5f64508731dd86394707b3200e0faeb
13824	256	1835008	3670016	20d7c4cc305e0228d31650795226c47cb0a196a056c79c226bbfe1ca1030cc17
14080	256	1835008	3670016	035be1040defb8f3abfdddf283d2a6f395dbdbf86eccb0b358cafd4ccf16cfb7
14336	256	1835008	3670016	6b68ca26ca18c5cae2c55c6192b57ada507baa7b1ea63f39505b5db0c14f62c1
14592	256	1835008	3670016	b7d983eb7650f87fc535240160186f7ba793dd1b21df656230684282544b6fc0
14848	256	1835008	3670016	52a1dae9de7399dc0ba5ba7d31e989dacf8d3e9bc3e5cc11299460b0feaf4339
15104	256	1835008	3670016	4ff74eb2cf847d939d32e98d9d4e1b95e9ad7e6f23daa84f1b51c32a642e7fe1
15360	256	1835008	3670016	14749c7c3a5587a8797d1474d2dd16ec53b11b29079d507e62f5d2a8f8322b1f
15616	256	1835008	3670016	e4da530dd5dab9eaf205298355378e8750f9b365be55ddd42db964f47e3cb01a
15872	256	1835008	3670016	eb45a961659d043d23f54d2867cf2b6f2ef3c83b99768939afd10ca588e24244
16128	256	1835008	3670016	0fbdb2532472790a0e7430845e894f883bbc8917c59d3ed8a6211e780c1cceba
16384	256	1835008	3670016	47a2622de43a65fe9cfc2659643f6f46666c87bb9131de2a08bc45ff32c74e2f
16640	256	1835008	3670016	397a2becda4bdf974e18da77d89e648d2a13f9a82f75dd412f0b11beb617124e
16896	256	1835008	3670016	04bc1acc85948fd675642a7115fa9ff0b8e6e66f9345b6ac6c3a07f354a8cc49
17152	256	1835008	3670016	c0554e8e0167236df516067e148b9cc2189f33d171e81b97019d92e892fbb114
17408	256	1835008	3670016	d4a66dc23ba40af44d00cbfb6b3570c9a62c5da077e3ce7bd8b4598de5f6ceff
17664	256	1835008	3670016	9a231e980158691fb2d3ca9416e80fe5605a0f6fcd72008737e91c87bf8a4572
17920	256	1835008	3670016	1aa351be0a0f0442aa5ed7377632da54b59dc439718127dbbe29a31005a36b29
18176	256	1835008	3670016	16e4c2c55be7f8d7ec49429541768161ea858361f58278814ced5399c063136e
18432	256	1835008	3670016	d4e0c03a43de5dec95aae5b33b9df20368fb7910ca631ff86811569d31cf7ada
18688	256	1835008	3670016	6a4e41ed18d35591c6f9a9de882fd861a5df99def634aaa061801cfa24d2e0c9
18944	256	1835008	3670016	e4692ad09812a4c9bbdaa3e22b26c95ab4db6d26637121c783582eb87483b041
19200	256	1835008	3670016	215f33fbe9650fd45f204880b15076d1543cf6e6c39fd2d03a612b53b9b04c00
19456	256	1835008	3670016	642a3335ca360079ec8613a97d60923603136180346935df446ee9de3b7d54c9
19712	256	1835008	3670016	2573becdb2f650b0595e3069d5ddb03063e2f045c6ee74a6b593b706d136de08
19968	256	1835008	3670016	0bd9c80fb773a1e379a93bf9a683eda553b06ad92f8be29289f588dfdf790b70
20224	256	1835008	3670016	008cb215603fffd4f051b7cd920c793eb69fc9d5c504c9498d2b22782ab30934
20480	256	1835008	3670016	d1621d9dec38f621fab1d09bfba7bcac3152a3d8456ab8b785bf20be5db44efb
20736	256	1835008	3670016	f6b904ea755fc3462f0706a6936f170e62393e1947a46154e4abd8ba6295caea
20992	256	1835008	3670016	a66c9105e6c28ae6534dbc9d980c5f9bbfdfbe9010f2999b74337f4a9fe00448
21248	256	1835008	3670016	8d14ecc5e62f663fd0ea4493c2b52414805670f1bc90e4c61bbb8839bc35c16e
21504	256	1835008	3670016	b6bc3639b9740c480f20d98c409bf3889e53fe465ac49c173ab32ac95fe15592
21760	256	1835008	3670016	e420b911a8cf186fb56c237943e1840f61c601060684d75df7314b53eb60174e
22016	256	1835008	3670016	67c17e81821f356217e36c3f946217dd0176aa1df0261dff74ddfccf05ef910f
22272	256	1835008	3670016	f9acc40b767471996a9531484fad7bc01b2f15721bc15dded5871035ad33be1e
22528	256	1835008	3670016	3a0615c948247c519d7d0f1859d2b3855418a628a6e1a44b53b6659a86764fc9
22784	256	1835008	3670016	6640876a25d301b219a92d4d32af9bdea819c6f4da01140a83f07d73d80dea87
23040	256	1835008	3670016	b8a54b73fadbf43f5e331ec9091f89e406d0d0762380542597e480f12c45a818
23296	256	1835008	3670016	48919639263dbbecf68903ae643c37c169384d315fcbee307112070f0a85ead4
23552	256	1835008	3670016	07f751a6d3fd65dccaab40514da93942ceb64c3bbf653bf76cff402f2246a430
23808	256	1835008	3670016	482408181fc0d2aaadc7f759ce977580d1a46226d72eccceab30acc3eb820ae5
24064	256	1835008	3670016	4fad52af71da5003b80b8430b8f9d2759cc5fa7b1211020b7f77517fede17714
24320	256	1835008	3670016	c3cf20fe9879bad435bda3a3d30b75e545ad6b58c023c5236700e4cd903d14cb
24576	256	1835008	3670016	1d28f3cc7c76e937a78cefdf6dbb96377008c63b8d9616c0755c7c748f2ffd79
24832	256	1835008	3670016	98ff19eda9838083bbb4c63d20674ab954d4bf449b8b9af0a2aa339820d53059
25088	256	1835008	3670016	0b87b429ccb49e5bfa96906401d4efab1d80db55f8bbe5fa7390161c789d51e1
25344	256	1835008	3670016	39126c535a4538bf30ee118cb209594588cb135ec631d16f5b2509e5fcd341e9
25600	256	1835008	3670016	f180839158d8ae5037aad70ba7a273a74fe65f1dca98c2d2c2379e3b1161d0be
25856	256	1835008	3670016	6f33952ff2926c1b708b429dd3a023808262d8328246eb363a5d93c09336ed32
26112	256	1835008	3670016	478e6f3c739279c535bcd0619cc90c031efcf128bea28c9574b7cb811f0f8ffa
26368	256	1835008	3670016	316c61ee3bb3264e9947adaf6e2b24fd01a3511a94f18d229bbd0d9e49034454
26624	256	1835008	3670016	d1a6cdb70158a0bd700fe764d6d65aef244782809baaad74019647061bd4b233
26880	256	1835008	3670016	a680cff9ec80ee4f68d018ef1a209afd6820ebbd7d4b2e367716edd49015e6f4
27136	256	1835008	3670016	157bf45748d873bc8ba6fbc63893299d3afe8855b129708d8fa6742efbe1e788
27392	256	1835008	3670016	5f816945a1ce155985e999c9536afb1c424ae2eff52f3d3e080599f6cc7b2247
27648	256	1835008	3670016	70671945f46c9c6a6edc55fe94ba35422c62f6a9e6c451096f464bd59e33b47f
27904	256	1835008	3670016	3f6730f7c7d24fc1e485597fa2ff5a2fc338b8d1dcf442d9aa86fa1b1a7823db
28160	256	1835008	3670016	ce601522fcd3296a414be7883e1d1577702fee67977b23d9462bea8f126d5cd7
28416	256	1835008	3670016	65262cf26cfe24f782e7b01f5c34fa6a1b33e5b69ed19894432b7c3ecdd917c9
28672	256	1835008	3670016	ed270786a43094bd60423e9845b38a5191de8e33755396f17fef52ae3bd209fd
28928	256	1835008	3670016	f3d6da6d7de13c1e37343145cbc6150572bbbee7fbd044675a55c2f77eaf07d5
29184	256	1835008	3670016	bd9d600ac24bf1feb306bc97d9f8e7ec2c6888c2543c64c377a68b306f7093c4
29440	256	1835008	3670016	948bb131181b624f2ded414f8f9336240e05851802117e8b011e1fc7f7bd5d88
29696	256	1835008	3670016	1d39134055eb5df7f51c9346f6fc0ccdd3b78c00f1361345a6f2cbe8628ca039
29952	256	1835008	3670016	8e0134fdb39fde1f5aad3bb79ee7722de7dd4a2301fe0365b08c432057cbf57e
30208	256	1835008	3670016	ea1cbf588cd590e79f8fb4e4f3c0ff2b52c405cd29d9da21c7cea9266320d244
30464	256	1835008	3670016	8ff4a2160797b9d1c91b40d9a478834a4a6c8cdb9a6d48e43c40cfa17bbde6ab
30720	256	1835008	3670016	5e851548e6646d9a6097f3a80bd4dd3b6f60614922465d3f61e25df7333e3fed
30976	256	1835008	3670016	08aa66a2e05cb987da19a688ebbae7ecf9c7e35f0a29e73b6e2569f4975e4c68
31232	256	1835008	3670016	de9dd49a873251ae398afee775b4fe11c5340c2f119e4586aeda2eb2c6c46f50
31488	256	1835008	3670016	86982f4ca0f4256728f6cd22bf57b95a758e132fdcdb4258ecfcd2a57112cbc3
31744	256	1835008	3670016	fc8a14136f6b03672c196f4b8cfc16e64bf0691f839c56ca956b18f794e0969e
32000	256	1835008	3670016	60cf2294c7ce6b284e23164f1bfc890d5e62b9ccd5f01664e7cd26f7dfc2b074
32256	256	1835008	3670016	8d217edfe511a4f991da9647806f9755f96eebad7ba1b70501f275fcfe6b4d00
32512	256	1835008	3670016	62ba9f79a6daeb865d379ad56202ee36bcabf2889fafb403e9a80e7ff017eed0
32768	256	1835008	3670016	30ad9d7919e23b66b95739df0dc5fb316d76451851dbbb5857b074818cd0db1f
33024	256	1835008	3670016	f273091f128dfa47cedc3d86218e06f951a99477392f1ddd73063ee928b899d5
33280	256	1835008	3670016	b4421556e31f9156586e410fa1e489b348f8b073f2f8d16148467f6930c4c5bc
33536	256	1835008	3670016	7f0c7d8cbd446063752362b3a0758acb039df8fa5761e5577ae441ac4a420295
33792	256	1835008	3670016	84c30c791e37147cc5e941af886f26b460dd5d66cd80601a8f3419db2c173b25
34048	256	1835008	3670016	5026dded4cd1afac4c9770b814dcb2b9c670f0c1a1cc2ae6e94e4a911e6537ba
34304	256	1835008	3670016	6182cbe92a92d0d62b7e35f1028455781e1b3de8171ee9b1bdc37caf3eb84e05
34560	256	1835008	3670016	d8ad9e056582839de495038ddd55b316ab3617d0e9693fba11ae192ec17b9a15
34816	256	1835008	3670016	8762a980e7699f072ff13026c009baa2813e9823c02e41057d44afe3f20364d2
35072	256	1835008	3670016	6e870f791ffa56a62c6600cd0357c994555fbf884346cd4dbb8b9d1a357a9055
35328	256	1835008	3670016	07853c0aaa7bf375bb1e15bb86921d0266f7ad66835447ec3399ac229ee86dba
35584	256	1835008	3670016	5fde5dfce4e61d547b4b55730d407f8ca5fc7c064021cb68c35a3dfcf4a81f3e
35840	256	1835008	3670016	d70c773051a82238eec1a3c2d687e6279c5a87f6ff711f027305412ad415a59f
36096	256	1835008	3670016	4f0142ff1165a43a3348b288065bb7881ac2ed2e250f47e34f37e16161d1ba93
36352	256	1835008	3670016	c2d77aa5e08f9bb9064e704203c9a5bf4a32dc3354857c5cdfa7badf38abb52b
36608	256	1835008	3670016	27fc568950160dd6970b27229960d6a79b11f8f8cf420f8016d6e69374404666
36864	256	1835008	3670016	4a55b7303dcd3856ddaa4c7cbe8fa2869148c15a2ab0d7e819787133e7e73901
37120	256	1835008	3670016	1984a95048578b9fec70e815f05778f5385e3813c9aaf092e2b7f044a8bd3676
37376	256	1835008	3670016	ea5336f4518b3ea97880c095b5ab3a6333f2a4a7987edd581a77de46c1c77015
37632	256	1835008	3670016	04c4b78757a561c60d94fc0a29a4b3f2ad4cce7309f8cac6883570c2845ab3e7
37888	256	1835008	3670016	b630e5a6eeb4b27d72dbd6e239a70ebf47184089f3d2d0c5699c9198c1c9927e
38144	256	1835008	3670016	97b05300c96915a559bdaf101269352f3c0e847aff763e0751d2ec86d8d8f769
38400	256	1835008	3670016	f5789b361cc9ceba13ac9d0cfad1e29619e5f02ec1f444b6fff6f17d8db82628
38656	256	1835008	3670016	b3c45bdc3eefff3e27e0262ed51049793b4484fdd5f7779fe4395c7753f57f9a
38912	256	1835008	3670016	0466432e61240bce043cc9fadd7a2056f202750ee40853e65863a332380b7b0d
39168	256	1835008	3670016	998b9bc32c315617daadc779218c83bdb101448b62777250cd45c72b3d62202e
39424	256	1835008	3670016	1cb0c371384fe5db4c385abccd6b0e219f087666a03931eeb5f199c4c75d8bdf
39680	256	1835008	3670016	4aaca0e31ddb0eb60e98a1a705f2834d7c861ef0843c336cced8881cd2cd9e20
39936	256	1835008	3670016	fee9331c0b6f3c5d4c8a73380da9a6c09f319db3f488f51f5ac247a9d255873f
40192	256	1835008	3670016	fecbe4717acc1e9d6033ccd0ddac5192933c798dc962daefd1bd6477e776a93e
40448	256	1835008	3670016	883646a607b6d5747fd15908e3d0fcc80524bd7058ad17adae13b94fb7387c35
40704	256	1835008	3670016	d680e49ffab0f345758c1f97de7e30d7564dfa504aa646cff98bfc76d2c39fc1
40960	256	1835008	3670016	81b7871a3f3b7ddfad2501f4c24cc8546defab48dd3bf14753191966a4728ef2
41216	256	1835008	3670016	a1ae875493874c5e02ff4deec2afab7c1d1834fbdc6e73012173f84add33773b
41472	256	1835008	3670016	fbf912ab1b30056959162f7d9a53165bcc7c71d8e80449f9b58876a6539cc544
41728	256	1835008	3670016	5d8ae868a6521de1d68d32b25069a264fb12b23f8ad7f8470507c9a736b4bd26
41984	256	1835008	3670016	17c0bb4768c6887c21a51c7b2f9e5899b2a44af08c3f382b32791822ce3731bd
42240	256	1835008	3670016	b24e6e062fc637645d45e53850fd3cbfcf010bd8a7953b9532e0c882f0e124ab
42496	256	1835008	3670016	12e28ea6190bb2ad5be2df90393f817c9f712e239bbde7ec8427c0a478056154
42752	256	1835008	3670016	9f2cffce79340a234005b9a2da54f792fa839b54eab849f03ede4d1948f04514
43008	256	1835008	3670016	9c986222078eacbef0038bf3570ed6497dd67792e5ed66e96ee3df73e0c71d7c
43264	256	1835008	3670016	b285eab0a9f57a779f35b055d864199f41ed864631b2fbdfb769960a5491ac44
43520	256	1835008	3670016	149753f7e6b3a21f286f0f87ee1a8643c8d123caf0958f4fc76a2f8e6d07d91a
43776	256	1835008	3670016	ebfde46d268e61ae7380954b846b73b050371cd94ae4205615c5022d56164424
44032	256	1835008	3670016	6b7f6eac72e397d5c61d0a64b4b54bafcc055e7996a35f3dc15312e2952120ad
44288	256	1835008	3670016	2145778d7e2c5626084eccd18ba8ef4baab4b7f2728778c7af18fe433bc0a964
44544	256	1835008	3670016	700950a00f3cc4cd0162a3e65b528def0baf95954ec987ad377e455627862ad8
44800	256	1835008	3670016	70eb091433ff2d58c942328263c38773a745f1b86deb1114a8c8e560a17deb98
45056	256	1835008	3670016	17802d980a4fcaaf781bac3f78cd8fbf92337c7d5c0059b4a4ebf10cf87a299e
45312	256	1835008	3670016	4cd9709453e1d67acc409a97b81d513a5541b63a6780bff8b9f6c35290fe0274
45568	256	1835008	3670016	58d8270d1e81e1696219261fdac6731909670f767bd000dd8904290737ba08c4
45824	256	1835008	3670016	ffa50ca51263b1409dea63cd267b48b5c19b6f530c841617744db9cc71e8f9ea
46080	256	1835008	3670016	c05389cca462bd95ad0b198bd3f77602d2e06902efaefbe1452975fcaf8deb50
46336	256	1835008	3670016	cd2a2e56ab0921966f99fa27eba28bacf12739f2971da019b1ef7bc8a8d078f5
46592	256	1835008	3670016	46f96473dfa6e52017efb07e5a06b481c4c22c7084fe57e4327e97cf52d2363a
46848	256	1835008	3670016	e11f9cdc6d8636c4dbe6c4d4b012689e0e29cf104872925259e1c580f6e4fd02
47104	256	1835008	3670016	57a2abfa3248dc36d0ae4d0f39d294d9b2cbb50fc16c7b060457654c5a256463
47360	256	1835008	3670016	4d936e028179a6226d7414bf86f715e7a6add6af47183f68f30706cd1ed2be44
47616	256	1835008	3670016	0f43df2704854ae289053f011fc4b78bc7a32dca042f7cbf666d196d2f13b4f8
47872	256	1835008	3670016	6446d84f90854cbce76c3b6354fe40a97c40e819ab00aafc9c4080951de65e49
48128	256	1835008	3670016	266d9972ebbab91cd0e150b01bc39ec0b6135e42ae6d61e4b88cbbf8079efdfd
48384	256	1835008	3670016	30ee0190572641ea02a4de76f2318dd00d4637332bec2d648d79107851e19757
48640	256	1835008	3670016	77b4a5625d0164b6e2f6ffb28d1c79fd1b598005a6b53054d02b522aa2128415
48896	256	1835008	3670016	4f1401cc9a0072f6c699d4b4140f1870631b995bd585c2ef4cc6b5bb13af22a2
49152	256	1835008	3670016	2a3a7434ce981f156230ebae5ddc49c48691d6503b58e5818c78729d08c52ad3
49408	256	1835008	3670016	619253981aeb8ece2b0b94c7d48a38c797f0ba4d46fdb51ed3b36478478a9b25
49664	256	1835008	3670016	e8dfa8c20a9cd6986f3d4981a94ee6a265ec173d53959a6de4e6cd63487d3345
49920	256	1835008	3670016	00d4ef739306cc91f5cf398a33dcefec18ab6ad80fe3205f2639ac341b01627d
50176	256	1835008	3670016	77279fcb4fdf39a406946a3ac7aa9bcada4aa1f2fb9174cee7f5412309ec7fb6
50432	256	1835008	3670016	689b8ba3e71510a6075afce3f4f2c0b06f97faa08fc2bc2523a39b47f997a4b3
50688	256	1835008	3670016	43299110e47123b5653587ee2815e36e00e475fcd79da1cb903f9648fdbd8897
50944	256	1835008	3670016	ab4b8dd38acbf6c388d543cc2fd439dce1b13934b3ac02951b332b61d43d0658
51200	256	1835008	3670016	c865504db32dddd147abe56cfe0d10225cc4b3818e8273b2c6cdb540d7bc6b3a
51456	256	1835008	3670016	66935909ee0be9511e812e946e0ed17c4241d6a9c4e099ad6471c09b5abd9fa5
51712	256	1835008	3670016	b27adc181ba62dd335c8654d987364e0c2aeda9c2f8dacc5735720ea423a53b3
51968	256	1835008	3670016	d3ca93d8597a10dfff78e406b27f8b59a5824cd22d1df2c8955293b6af4ef3e6
52224	256	1835008	3670016	f31f574ff5d976df89404754a469926a9cca964ea9d2e32937632504afb10eaf
52480	256	1835008	3670016	47794ec0d65967fe08721ff62bd476de7477bbc4b3c9f2316995f70ffa378f06
52736	256	1835008	3670016	dd6e5d40d7eb68273d90f185913aeb9449df85f8d5eaf79a15952ff06d327914
52992	256	1835008	3670016	ff7c6d8049c60cb943aecf891b59d34bbea3240bb598a64706752c5916980cf4
53248	256	1835008	3670016	5525dc33b1ebba52faa5f2bcd1434ace3a571f50c95b659e0c10e669d50ac8fa
53504	256	1835008	3670016	423abf369c81911e7de95d12b73ca6bb55c76d29c034e462e922a29524a63346
53760	256	1835008	3670016	af6a62f4e9a7f62b5c7af71711f4d34aafe390893ad31d60e24415ba2bec137b
54016	256	1835008	3670016	a0054c888bdde300cf87f1ecb038a178b45cf509f08ed17292ce7838868414c3
54272	256	1835008	3670016	2186650e406c8c360d0ec0a8c27021765bf37de0dcf52e6e436b70a9a90ea4a1
54528	256	1835008	3670016	06818894965b032ede985544ac421e7ab6f9feefa8887f2000da11cb946c0a11
54784	256	1835008	3670016	2da3133b70950b1ac38a7b7fbb1c1781186e727036afbf87c1aff06ed66eb9db
55040	256	1835008	3670016	a320a6665d187782a545fa23ed8a7b1bf991a5df30e506a26b1d29418620535b
55296	256	1835008	3670016	c8781fb2a2743eb91378c38b7615abc83a3534941204e95e8455ee450ef0c61b
55552	256	1835008	3670016	80605281e07b07427d58860122c143d3cca646f7607f377114a8eb94eb9fdc85
55808	256	1835008	3670016	f7532b9605bbc6167e0c12d0febcb3fdb2221335e72332b9dbafe8ae5f7add7a
56064	256	1835008	3670016	f7cea3d94404f4aff0aee6db65df1c8f54c18749815cba35c23da5aa31ae8a13
56320	256	1835008	3670016	39375b57b5e9393d18bb132fe5c5fd778224ba67563c8f12fd6c3ed8f278f8e4
56576	256	1835008	3670016	2ad7639d81986a37669cffc043cc9a1c8716d2e3f4a8be032658f2765e367ac1
56832	256	1835008	3670016	a6526edd67a1c9c6c59ffb237868417e889c90136751da3f0338cdefd10794a6
57088	256	1835008	3670016	b6c897428db71aaa31e3e53abce9bed8cb6d81f26a1c6f4ebc8459f6c8b87eeb
57344	256	1835008	3670016	080395af6f1582ab694f7023fc7ede92ad26ca45c456d992c08e9dda60e861e4
57600	256	1835008	3670016	633cafb40d5eb1b9f2bee92fa1166cd53701026f951dc93a7e236a6d29a19d20
57856	256	1835008	3670016	223c21c5c0813a50b00430052798c106ed653e04330cc91562aef14fe85f1e65
58112	256	1835008	3670016	b7336eb58580052d59dbe81313df7a32ac11980f31cc40aebb5601d27f4bd325
58368	256	1835008	3670016	d0a139a200d1550d00dcddf633ca50e135e175e3af700363b8583bab07dd7b23
58624	256	1835008	3670016	6f4a3d356fb0e8d763f4316c4780a860c4dc615d103fb0c23c81d210ee386428
58880	256	1835008	3670016	fdb91507aac16d05f4cc52fb17db71e3bd3dd16af699ba1b3c3bb59d7ceaae3a
59136	256	1835008	3670016	ed73133461ebc0ef1b5c85e4b79c171325b1a65e332f3502f163cece47a4be8d
59392	256	1835008	3670016	d8577305ddd173e6f7c2860259bcc493cbf9116362fda9a0f1f49cf701f03bbc
59648	256	1835008	3670016	82ed85086e78c2dfd0ff49009228a264996d1a5c31336d699b9895405fb48f48
59904	256	1835008	3670016	e40cecf3e8aa1ba0042da5620c59d6efa9e1494421e4086bb0157194b1899c5e
60160	256	1835008	3670016	38eed643041dbbe29c0ca3ef343a2ab5db1bfa61c0fa7174cc15c5e132a59410
60416	256	1835008	3670016	aced78395127c2ee8e8f22456af40d2e542cf4781bfda9cceb2dfe682f4a1b00
60672	256	1835008	3670016	5c8b1a8d1437b782a43332491d21e823701635e69a81343d8b0ef2364aeb8caa
60928	256	1835008	3670016	675ec6ecccffb3d1296a1a1ecef9132a9667a64cacf50608d52ad9d58cb57726
61184	256	1835008	3670016	81cdc8b3080a0f357a1ae7d055c63d57db4f7d394428794a64f25b2185e36324
61440	256	1835008	3670016	c77f66d2811c8f30aed13304e51513475321f557a0ab18d4ea5290105a9d9db1
61696	256	1835008	3670016	c342d8885b7ef45e9571e0cb3cd9cb03a5982c555cecb907349f24f6fb392b89
61952	256	1835008	3670016	125f203bb21d0e1131ab311914991f5255b6dfc1553e03a29c148d019257de46
62208	256	1835008	3670016	6e261c6c4c1552d93d5dd27ff8a259030b9bc087ff63728ac50a5c5716a4ee7c
62464	256	1835008	3670016	6a9e3be47bf86439fe4f7fc1812b970360db8020f00abdb019293759562cb215
62720	256	1835008	3670016	6d55ab452ca76aeb3924992b2f9a0502fed4459e35b1203074f5b2b9a943d885
62976	256	1835008	3670016	dd5aab574e66462efa873e7669b9dc8272cca79f4a6d33e9a85666e27048ef1d
63232	256	1835008	3670016	a6a2478dec2bd30c745e181b5d165300b6144306ef32dae1a1b1f7612fedeb44
63488	256	1835008	3670016	953b09fadbed350dbb4dce743bb5accca2be74f442874413799d7ffa5a395c7c
63744	256	1835008	3670016	95c200fbd680bc36c1ce2fdf03c22e64087a315e171021841feb4d5eeefd34f2
64000	256	1835008	3670016	8a3f627ec619fcb525fc8811b6c6dd89ac346532fc69b171c712eeb243cf9062
64256	256	1835008	3670016	a03c51ed21ce5391bc32461b512cd404b2ed474e08b84683af76af4fc214acbb
64512	256	1835008	3670016	1ef1a528d0e8819001ab711db3494104104be7a541ec31972d6f8abd4373d70f
64768	256	1835008	3670016	170ae9115dae09843710d342e5700bac0e4ddb6751b1a98a24b437d713e021a2
65024	256	1835008	3670016	2e2b6666fd5a0eb9f334e3a9a620b712eef972502a72a667ca8455b3c70bac89
65280	256	1835008	3670016	990051afc078158a5c512050eaa9a3969b242f16b246b9e0d16da972aa33a1f4
65536	256	1835008	3670016	c564cc8badb8216064bf19deb2b9b2b802adc8796570127e36c6fa99779f1c11
65792	256	1835008	3670016	f0dd7402f655db0f7e568a1006b9087add76df90a954564d5f1e8b2e5c5d4402
66048	256	1835008	3670016	ecf44c4fd3f5270de9ea54812118324d95a4cea1afe519cd457edc3c513a964e
66304	256	1835008	3670016	b71843a95a80b63d19ded7bcca497eeb4f3b91c87e2f26dd031b944d24be916c
66560	256	1835008	3670016	2bc0da0978daf26298ec637529ef818edd1eab8277c7180e1d23c99ccd3412d5
66816	256	1835008	3670016	ae7d884a400c09cb9792ad63d7abccb7340e73f31b11b34701c529771db5a661
67072	256	1835008	3670016	1f03e9bfe21350f1a34dddbe2add5b587abdcd0d130bbe6dfb84ecb92b443fb9
67328	256	1835008	3670016	65619994f4a8fda8ba17fb761bf430ca9945500eddd01c39d8f2a3d020cd7b87
67584	256	1835008	3670016	07815e8024cc12e7ed1a028f8555137e51e94d214e221e514651944a0dfde7c3
67840	256	1835008	3670016	ddf56880aa2d2312e7e9960f2fa140afd74e9f326ea800eee2341c455c335fe4
68096	256	1835008	3670016	80e296a451c2c17cb9016787f56053480c47e85e4f62223e1011f3110e475b83
68352	256	1835008	3670016	93c8cbd25d686955b9bef3b4d86f3e09489c14fe63d4340748803ea5c06feb2f
68608	256	1835008	3670016	e58ecba99d3f711d4b2f6f7508e67e779615634fb7608b73d562fcab7d47b2a7
68864	256	1835008	3670016	ab09c39c7564dc9eca75ee097891a561226a8fbdf59f125476793b677d154552
69120	256	1835008	3670016	ce4ecc33e3427db01c7953a9d8ce9663a5380559df5119331ff3127753b0f016
69376	256	1835008	3670016	9ddea8efaf4f4c09f196826c9dcc90259df41cb8d1cb6511b8b657c3d0741e2c
69632	256	1835008	3670016	6eca7965dbe3a4af6d15a08dade8210503733b6c89bb5bc54b73082d18d7b956
69888	256	1835008	3670016	269a91afc906cab592dfc826436bb0c1947fb6c6b21b937859067ab79a49ee29
70144	256	1835008	3670016	56ed34db0cbe13705a5f8726575ab6fa3fb66eabf147d145e62a37a438856f6e
70400	256	1835008	3670016	7b68ce46e3f322c22e9a2533d8f2d02ecc5c87c0478e6a94d1cfd557d452bc09
70656	256	1835008	3670016	3d6a89ec68d74e1326ad3fdeb18cc424c1da0879a169b40ec252318a6bdb27a4
70912	256	1835008	3670016	cd8bb36ad03fa0ea108fbfa65340593f9fb5856625fea02d446aa62434dd2d92
71168	256	1835008	3670016	94f462a0a22b036cce19671f1f2c97de0e65e324dc6c515fecb225284c0eb4e0
71424	256	1835008	3670016	c31196a747d3171797147a807f5566d46ea2f5520612bb3cf3d84d310e9b4a2e
71680	256	1835008	3670016	dee391e4217d8225be98a1d1140c1ebd42590f79e8839068a1e6b5b363e90fb5
71936	256	1835008	3670016	c7efa3903cf3244d9893278b487166844ad4199d679d1c9a0a9402203a07e9f0
72192	256	1835008	3670016	7575fe396292f6791eddf73e42897e9db1f823b91cfab862e81022e687feaf54
72448	256	1835008	3670016	1ede3c5cfae0291fa9d236265d75cb88863f58d32a59d110188445c40134e7a2
72704	256	1835008	3670016	519c0a40a18702433b0da67a747fc74abad92814d27a5d567a2fbeefa0a55120
72960	256	1835008	3670016	f22f6802743b2078a477b67fd20f773b8cba99d399e73c55b6b225cf285ef1aa
73216	256	1835008	3670016	50244a9e1d94c6c440f31d9261bf6e690c075d15d0d078ed6edfb80870387f98
73472	256	1835008	3670016	9e639be4e50f7c50eef5a58d890ddbc0527e46e4ac1b558307d60e5a679ca3ef
73728	256	1835008	3670016	2c057178e701755a570770bc332f0f888bc2e233e0b6651f461bc10da9ec505f
73984	256	1835008	3670016	a42556c43a56278013bd300f48a90ef069ceafacf6a85dde88ec61e48848d6bf
74240	256	1835008	3670016	48e1675802a89d682c8cd4c54ac3a1473c883f5e43570d2cc47165ed29bcf5a6
74496	256	1835008	3670016	13743415b78eec8dd52e3a819ecda536c636a60209b01e119816cd6e03463b90
74752	256	1835008	3670016	37d71d7e26182b052ce44b6a5c18269217f96fa49c30169eb8c4e837bd1d83d0
75008	256	1835008	3670016	a922934f14009c0d1fe2df27503784a7047bac66531663f6c384ca670258e284
75264	256	1835008	3670016	43926dc7a2413ceb2da6acffdf458a0823bc49a9bc50bffd3b330af52a640276
75520	256	1835008	3670016	7427eae94acd8122ee8d63dfb943e27f66a833b0a71d56d37de9482f3718614e
75776	256	1835008	3670016	e305872a264cba49b3a6010901f48d43ba39d5f87815f185600910e9c512c223
76032	256	1835008	3670016	52f97dc1674bfc53ed6cb867285b9ea347ae19bdd2731f77e5eb74a94d16fd8f
76288	256	1835008	3670016	b612c1bc24b1dfe2d8a48c9a134f33a046c595893c8a4cfeca323f975c4755b6
76544	256	1835008	3670016	8a2c488043533c6067ea08ea92b79e65de8cfbf071e1d4acfbceb9c9baee38e8
76800	256	1835008	3670016	cfa80294a883b1d2e2825119cf46975137f6cd98f871fc3cf42891b2ed409ae0
77056	256	1835008	3670016	89e53281381d7c2244adfe6bb423ee22a0e0d92125577952949c4b89317472dc
77312	256	1835008	3670016	9b8b34400bd3d618153a33f04525923353e7edd430d118946aaa6fc431108e0a
77568	256	1835008	3670016	2179a00179f1604b1f52d7b8af685504a261efceb8165cf3e43506412613b935
77824	256	1835008	3670016	a3cec1c6bcbff29ea43bef7748a89ce9a496b09ae24876e467e36ba2db8e4ffc
78080	256	1835008	3670016	467723463f3586b5f8e1241c5c9a3744bef55f647e2f2afc341156f7ff15ebde
78336	256	1835008	3670016	870402b5444aef63d2cb409740a6bc360f9bd1d71233ace2b140821c24068faa
78592	256	1835008	3670016	fb36748f1c8dbe4643e2ab6703da10d0378a51bd4b605a3997eba7d7e91e6742
78848	256	1835008	3670016	2f026c79161dc16a1060e503fb9218086a3cbd2517766a937e626b8c7a4afd87
79104	256	1835008	3670016	d4a79af7cf41e3962c96fb2d04e03f7b0763697eaef3d8fb87217ac1146e6d1c
79360	256	1835008	3670016	e1b595370b03cb076572c9235e975a3565c3292a1c1f8d2a09783d0bdc81ee41
79616	256	1835008	3670016	53f498fcd7192f3070e7857340a740edc51c7e351baf340aeea23b31d4d144d1
79872	256	1835008	3670016	2db0d22b8ec24effba2841eb6663d12db480886ab424d1075d2e991b543a6f57
80128	256	1835008	3670016	b7e494309888ad740b5b7955266dd6bb2972bc260e03a6e5d691b6be949eec09
80384	256	1835008	3670016	cfe507546a882398ed3700b5e87723bffa91a436c2e3d3bab14a893da07a17d0
80640	256	1835008	3670016	ad2cf53475d11dec9bdff86a2327869c7408d237fb9b9ba8e0cb5c2489550b82
80896	256	1835008	3670016	628dd15e4bb9e26a2f8fdb19d24a8a31fc5070d716af5a87ef11d56f88c21c98
81152	256	1835008	3670016	2e5858b7d063537a3d59228da310e9983bcf70f8b71b5acc0fb1617128bc98d0
81408	256	1835008	3670016	660af66009306d6d75ca7acca74b4262544ed9857d72bb1b8610fac903eeaceb
81664	256	1835008	3670016	27977d2e85080c3db08e01b38dbb4d7de6371e12fc47cbde21daf149c3a7a993
81920	256	1835008	3670016	ef06cd82304ed0b985e08b008f55065172ba74b705c34925da648ee33256e509
82176	256	1835008	3670016	9b087db4de700d5097317379ea78b7eb1cb1d1b32439c8db809c727b5f6daf3d
82432	256	1835008	3670016	9833aa639b6cb9dd186ae34063ffaf6d107b98af0a3e3c95799288904b54dbeb
82688	256	1835008	3670016	0731439dd8e6683ef2537defa04a21848bf0117f62f1d83dacef52a7acddb8d4
82944	256	1835008	3670016	0e4119e8783eb3b1e8a55436f0bf8c2eb37f09e30ebf69cabd974c0f44d9e1a8
83200	256	1835008	3670016	81e61defab48c099dd30659aac1e38fc0518569285e414e8384839c34f95c6f6
83456	256	1835008	3670016	705e0c8f63e0914a0a4fc1bd977491662fafc7eb7e4a09022bb357ebeb04f8a6
83712	256	1835008	3670016	2fd4788369ddbda7df29ca62cb7b086b86c20f59150872b8611baeeab876226d
83968	256	1835008	3670016	eb136637becf1a9d5d554ea4f1a2ac65cd0dbb88cbacf243524e07723954075a
84224	256	1835008	3670016	e5e3b9093be94b0b10f48d6b314970bf7c89151cff8d5eb6ed8b2edbd04d3c4f
84480	256	1835008	3670016	c3c98d679dad64b36774ef6abb0af13aa4b698c9139928f5764c1e7b07b9075f
84736	256	1835008	3670016	c7da8f4c97b5891609f27f34ca6caa802c2240d195db432cec75e3dbb2914ee7
84992	256	1835008	3670016	feda75de24a6f5530d4af6d360242ff716687ed348aad3ae39f91130abb53f77
85248	256	1835008	3670016	4a58910476d21d6692625ecaa18c87547939ed8d385a5bbbb33bf959911b20c8
85504	256	1835008	3670016	7f25748968e88a44bf5768caa04527de729db180cff256110ed0c037e91d4390
85760	256	1835008	3670016	b69c6a290e901a638a711e5d175a63ae57f83109aeb43d12d94cbb9c4b55a16c
86016	256	1835008	3670016	0629d37213c6a1914ad565be8921e3909e0992d1d1df618e790b9094296a0a4d
86272	256	1835008	3670016	7e61c4321177b71c5c4c762a7d2ddbef0c3cff4b9ef9b9ca98df7e7ac36f5c72
86528	256	1835008	3670016	7356089d294da7615a269477ad6f744a4dd097a1335328fa6ff917fd861e7f1a
86784	256	1835008	3670016	41f83275c2101b54f011a249217f8b34c8cbb3545a8c4e0e8f390c465c16634e
87040	256	1835008	3670016	6d2df2e5cb31d791456696aaa91e4b6f0bc3d5167c21e667d7ba59b0ad16505a
87296	256	1835008	3670016	4bb889a5c935ae9501fd45e297c3ba3f8b667ef250089ab8205a6557249cc7a0
87552	256	1835008	3670016	8e3f3bee4c6cd94d0259aa8062eb48af80fe05ae648618f69e7ee3080326b422
87808	256	1835008	3670016	ffadef71febb34fd5035e3d8d35fe5eba9fdd2e394a29dd6a38bddde7cc01514
88064	256	1835008	3670016	5677757a54faff26243841759a386cbdb1de7dffd548679ea8a7856e5c4712dc
88320	256	1835008	3670016	b2371c3b80507af9192536306caab752a42d233862898f3560e2aa2bfb3110fc
88576	256	1835008	3670016	8de5daf667ab03b22ea9ba1184b85faf84f193557c6d713c9f3f69b6b193c98a
88832	256	1835008	3670016	9ab2ea6b05f01a101068fbcd7105c7211237966341ddf4dc3a072fc57d3028f0
89088	256	1835008	3670016	ed36835ce4e04d7cd5cf21af84b3c4fe4ef41e59a0484edee66064cdbdcb59c8
89344	256	1835008	3670016	2ae7dd2782b75c1d736c5497f89fcd229b7011bdc7d89da67817037ae6a22cf5
89600	256	1835008	3670016	bf5a0799230c81457b351984d5876ddbe5a277825461b23e9da6ca3f5149a71f
89856	256	1835008	3670016	1862e612eab8aa33164620730e919af4ac6c7e779cdfdea2aab16d084bea0245
90112	256	1835008	3670016	42f796a92cc3a973052ae3de3df9bf89b1a18e53e485ca2484cf04ecc90f4a03
90368	256	1835008	3670016	659ce50db8e3d0a30b69594cdba6d8cf183cf15cbcdaa1e76248c30c943256a9
90624	256	1835008	3670016	b12b9ef66b2863301adfb1bdcb6550e11d013116466228b3fda52591cb44ef5c
90880	256	1835008	3670016	f1ddc86f7bf2711b4185243aee7d029dba30dbf22246fe5acaf5e34e14d31557
91136	256	1835008	3670016	9da685431c5b1d19af3049d61cc81d4f271a58e1ad7b302c91b9c97254a9b6c8
91392	256	1835008	3670016	8976d2cb3ac707349fca4e6e536f4f8cb091b4bd09e362cd76c00cf6bc074617
91648	256	1835008	3670016	cd858745b0621a40e3b79b328b0d24e06483ba0b74c2ccce3ed554f8ec2fe318
91904	256	1835008	3670016	90d42d4eb882090f43d8fbac473d5b6968cefcd993453a5d4aa08adc46fcd93f
92160	256	1835008	3670016	3093470bf31509fe7ad016027d1c01755f2a724c00bf4264ce333fa902149926
92416	256	1835008	3670016	0427842660876113e9d5c425392d61c08033312a4d6326fe2901d7f2c41483fb
92672	256	1835008	3670016	59bbec7362d7d8d8848d2ccfa0bf138740b98a9ff4f5b8f97dce4e7da6462b7f
92928	256	1835008	3670016	9b181bef2c3f6b335377b6f1c452f2163fb495d480575948bf533ef105887eef
93184	256	1835008	3670016	02ca1116b48882a3edaf9ad53a920b0d52967546d09ac1433900b9a285d6dd7d
93440	256	1835008	3670016	242d89677ed600fb48e6b5e44d5a060a252cf40668681fc2919c2572beebd3fc
93696	256	1835008	3670016	b9764863317a97d5fb383ca56394735f5ca1cff27341157da424c738c673de46
93952	256	1835008	3670016	50b0552b8433e3c4dc2b20428fbe2af93d92066a1b45dbf8227804d3a984cfcf
94208	256	1835008	3670016	ed419a8140f219a3dd9222e372986eb54adfbc8a892f0fee738f9ed7a58eaa59
94464	256	1835008	3670016	512e7c495f5be94e0a5d744217ee93d9258e47d3dfe13e48701ebd84af494ae6
94720	256	1835008	3670016	7f75196e645a1a51f70d87f1208faabd8e5869e4ade82e5fcf77738ff9793500
94976	256	1835008	3670016	22a9916f0812c8d190b6051cdbaaa449351280df48aec544ba1895bfe5114e9a
95232	256	1835008	3670016	c4948113a16586f78c9ba71ef94b83cac9189da24beecb5bc29073157f61ef8e
95488	256	1835008	3670016	4f6ac1b39e85732c83909916eb0f5ea52fd21775a055fb5771c82642ee00adf6
95744	256	1835008	3670016	fb657c1d2faff548c84722e84f146d3469ff71b00fe6d045eec5504671d2e826
96000	256	1835008	3670016	098581f1a7808b97a67927d71ff83523f13bf0058c7ebffb9a8012bf9e02ad2d
96256	256	1835008	3670016	2984227aab1390412c6a77d62b300d534839d9978d3e1ffd7c99c70e8b571a36
96512	256	1835008	3670016	5a393afee5ca634de67667fddb162d3becb88557506cf3c68a1132a799ca04ad
96768	256	1835008	3670016	1d3883b74fffecd8732f9b3d8b3a8abe2362c6ddfb30c1f4e8a2cb99c37a995f
97024	256	1835008	3670016	fafb790eb8797a9a740e8f31fff532ca208f8bf3d99126950d37ea5ee80352d9
97280	256	1835008	3670016	ef726ddad0d980773d09ad2317e6d002d3ceac5d11046cc04a56e4675d231465
97536	256	1835008	3670016	42af5054a056fd8ff7483752cb918952ef5e1eac3386ec717c8600a6f55a8e39
97792	256	1835008	3670016	fa5001b8d3e1d4e505879ef062299b4e7406a15cf20068fcf6a4bc1b2d4f922c
98048	256	1835008	3670016	c0f85080bda9f1572137223931cfbba4d1dc9632e4125f5373f91a71592b632d
98304	256	1835008	3670016	1a9656d60b00b222eeb8b7e060d130222d79e18d35fa349808fb9744dd99818e
98560	256	1835008	3670016	c92792b082694b255591fda88f2f6b6e1abdff7836cc086e311b789bdc48b3bb
98816	256	1835008	3670016	eac0fe20b53902cbb23c889fbfec1f6e0e0eb56d02043acd0fd9a55aff34f7d9
99072	256	1835008	3670016	65667acb9940f81b929dfbd25cd0de8bb00db6e631f3976a9dbeb1e32f572acd
99328	256	1835008	3670016	cdc90d0f0035193b9a2bbb058f0387152f475f56b6163248da5fb74bf3b1bf10
99584	256	1835008	3670016	7ac6cfb32f13c02bd7f34eaa867dafd743ff8cd5de46250d011c9b5e1ed37726
99840	256	1835008	3670016	1a0be5a88a65f87780c2c6fbb5143f3d26f33a90bf727d5dbb2ea951d1a77e24
100096	256	1835008	3670016	67c01a25bb8aeba9aa28de1e58abd185176d08e5e284ba6f2527f3f8f103de9e
100352	256	1835008	3670016	93e69566bbf43101f3dc170db73eb732608865f13026c3fa18235b53fbf6f89e
100608	256	1835008	3670016	fef815d3df59b1d7a3fd36369d2a3dfdd95079178d48141d7a6b042d30a191bd
100864	256	1835008	3670016	694761044f95003d57ae775292b33a3eb819fdf266634aa44ebbb7ac977969f5
101120	256	1835008	3670016	1d872e04508a9a7f7ddfc992b3b51dec01cb150aef8f204d1f18e9afe8a98237
101376	256	1835008	3670016	c7ff7398288826cad6fba5ad3610448be99ce46f201f3c7b8fda0fb840c57db6
101632	256	1835008	3670016	332030e07a7f4d3350fef1625bf7dcbfa1c118293d5beabeec237e41b57466a3
101888	256	1835008	3670016	3bdd15d9dede7d664a8989ac36c36d4dc3e7793eb7ba3ae08c44a67c4d83d8fa
102144	256	1835008	3670016	e530b2144d7f26c10a95f3e1b531504a011c22eb96532627e5f8e39fa247578f
102400	256	1835008	3670016	03b06a054e109921fb934b13437061544124a4a8c6cbe456a0ea1008f9346ccc
102656	256	1835008	3670016	397d32a9ad609886bc579ceb2558039c2c89b3d28cddb63a3c8a285bc146a8d5
102912	256	1835008	3670016	60daae2f622f72468e2396d021d557b70840352dd3b2c3cf1abbe4797fe18a96
103168	256	1835008	3670016	fdeda7c6bde61074878f3d191dc0b425063ecfbe942a3837e59417ea6b96ce77
103424	256	1835008	3670016	85335dffb4a8836324a5a14db246c35e2657f043b3c73ba5a46140121378d908
103680	256	1835008	3670016	6063bbed96dc4294e3418badc2f09a730c00d24322d5bdbcd1c7c94b3db4056b
103936	256	1835008	3670016	11926cb7b031c2e440feb14a4b31c07e54288cff14306c5aa5b4c8fad9866020
104192	256	1835008	3670016	eeb8165a0648cc74e5bb543b1959193c4190e46a66c83401a72f9207f994d939
104448	256	1835008	3670016	e168dce7ed60045341aef4ea4f9b951bb1d849b079f54aff9e28ca09e8c0b26b
104704	256	1835008	3670016	526047d7c87bc72c14df46dd9e2086db0154792fa2d83c1f1b56a95bea4c0874
104960	256	1835008	3670016	dd715fae5e6e70038b3d0a86034df56683e280277b974edaa2fa6b3a982cce42
105216	256	1835008	3670016	88f8da7b649cc8f9fa3da3910517bb6fe1ed788231be27d63d5f61d0289d86d5
105472	256	1835008	3670016	39f2b6a8daea3b33baef68b34a3dc5c15b2b9bda1dc404d415cb28908f2f0518
105728	256	1835008	3670016	274748c6ce32987cf52482fb1be814bad7cc9d791566f40e65b27feb3a96c623
105984	256	1835008	3670016	8149131d3fc63282a717d09cc436e344eb3cfee5eaaf449a2241ec3110344042
106240	256	1835008	3670016	59838146b7458b4011e75b8a3fcedabf23ec57841748a96b1497c1cea5ba654e
106496	256	1835008	3670016	799df2fcdfb34275bc5169d2b23c6b49e061f54d28b4f6f892eae95d6a3d711a
106752	256	1835008	3670016	a1402d9b5bac7eb0bb15cdb6e7936820eabceaa9de9fc01818ca4717af98db01
107008	256	1835008	3670016	090b93fb6f8d1f1f423323fabc5b6eaed7723230fe1131e1f07a646486115328
107264	256	1835008	3670016	ee93a0379170768e2812be02ae28a283f3005ba17e348879144316b191ba334b
107520	256	1835008	3670016	2a37ac91488bae3be4343b2a3c1326c0a78b5e01517464937f7e063acd09815e
107776	256	1835008	3670016	5d1fb78861354336b98ebed36cf8dd5b94bf99abdb7ff6525f88ff968cdd1335
108032	256	1835008	3670016	48d3dbd589d99455b6228c7b77d3a6a2137c3bc716aca212df25dbbcc8ea5162
108288	256	1835008	3670016	87eb5fd0783047ff3910bf5f5b58cd65498c41396ba9d67ce9b0233be1dd1b35
108544	256	1835008	3670016	fc0a39f41094c51fadc721a03b86db6d160425ccd92f75b120dd44a3b17a6c9b
108800	256	1835008	3670016	0ff53b2817b1510f2f0e9061617b35dc6990e9b0adf8fe5ee8b6450546ac2c04
109056	256	1835008	3670016	190367fe71836a642c14b9a5290a69cb82f8db9c00fb83d2789eaa6ba0e22de0
109312	256	1835008	3670016	46e85fc7024f8d853c1fe6eee32db25b590c0da2c20b7223b430b9a1b884356b
109568	256	1835008	3670016	40c9becce3e38c6b52ac04621f5c7df16558ed83c2af4045fcbd33df40949543
109824	256	1835008	3670016	c59be2bda2f5c1ebce48ededf4e04b50acee1a8c7a4fb83edf4f91fdbdda9203
110080	256	1835008	3670016	43efdc9745948e1934f32e6ced09aeb0e345606e2b7e4c828e332dd9024969cb
110336	256	1835008	3670016	21ae12fcfb0800d1cf6f01b4f580d3147ee292ffd32d06989f6f8daec1fc1d73
110592	256	1835008	3670016	eb201dc93eff38c654eb334ad763c293e0c0efe8cc6b2da2056cb0591d5c3c71
110848	256	1835008	3670016	7d8fdf0794dc2d8e916e2dae76f4ae38ad61aa2105ee93d014c87a53903ce4b1
111104	256	1835008	3670016	98ef9c6d5a22c390012b286c37bb22d694f6ee3bbcbe022ec42bc9d0c3ec51a3
111360	256	1835008	3670016	ec5ba5af783f4a13f9800dec74c182956d015d3617ef334c7c3d23785b27c337
111616	256	1835008	3670016	221931d892c286c0a98b1eb5196ca11585ed517ab07db99fd1e55f9d506ce2a3
111872	256	1835008	3670016	3e7e62db91ac608f0c3820938e0ff0ca2360eaa912c8358deafe4d181f24d107
112128	256	1835008	3670016	592cc89e28bccda7ebbacf98f0234859f3264dd2c4ded35e30854993f1d8ed69
112384	256	1835008	3670016	11f17b241247be85e7c6561384b17313f3a97b1065526947c6587b0d60ae88dd
112640	256	1835008	3670016	47bb627d700324d839583a7525ebdb1ec59ff57affc2ebc82094a2b61a3f697a
112896	256	1835008	3670016	3788984b3cb477eaea14cfced47e5561568e4fd22d2256d1a64f2871e3d756c4
113152	256	1835008	3670016	b6cc1dd0d26b0baa9bba9afbb4bea7ed573bd75d3fd42248431da904a5c4bfa1
113408	256	1835008	3670016	e0c055e7d8e6759dc70c9941d59b799ffeb7d4431c3b7f91bfecf0fc64bfca34
113664	256	1835008	3670016	874f6fb1d0de59e34e63d855940dc3ff5f870acade9b0c2d2f7c35843b053655
113920	256	1835008	3670016	b884f34d69977cb1599c1267c57736ed80a9933cbe8b2b7c10f0e5e8058349da
114176	256	1835008	3670016	b5d5f7a46042aaef3677ba13ee79b4d4e28186b91bdb126741000dfee0c0dc4b
114432	256	1835008	3670016	3452b681e02dc553ad1e5e5f8f389ddce63bff2c3884541a882db2ce901940b8
114688	256	1835008	3670016	b0e9897c7940bb1f4c6f12630bd11be00605db940bbe112f00fc8ba0df42e9f1
114944	256	1835008	3670016	2059488997bd021a34d5a22c0888c42cc11927e13f52164e65f5263f798ba124
115200	256	1835008	3670016	96374feadf2e76898774a6a903a2023173552af04f6be82ece8c5cc2fb422b81
115456	256	1835008	3670016	4fa05b7073bfbdff7d8a0be4cb5f25e3cd0817988a9babb94f328f60b698218e
115712	256	1835008	3670016	2741df67e52fa164507d21ec9df94e7533ca7b5b978eb68c7aee7d8a335338b2
115968	256	1835008	3670016	1100ab0ba48612a67663726bad7b800463a897cdacdc8742be2d637cdfdb8c22
116224	256	1835008	3670016	53fbe5b80cdaf3fa4188b9372d90e1cb2c6bfd0382bdd0dbf7f4df9d401fd4df
116480	256	1835008	3670016	92778611eb93d7ec32c2203e1c89f816965be16d75dbe393331fa80dac50c303
116736	256	1835008	3670016	826b020181deaac97c12756d7f19c226487d5036ea08bde87c9288311c9e6eba
116992	256	1835008	3670016	397c1b3a910aae41143c1258f4f530a618f8ba9257d9ba6392e9352265747901
117248	256	1835008	3670016	68c8d5059b062df12d349df16bfa7c2cdca2524e317937c2d22506f495144b2d
117504	256	1835008	3670016	3012422080bf0caf7df66bd7f39ddcbd9a569ad900460b0b70fc953a090e06a3
117760	256	1835008	3670016	34879cacaad4cd3afffd287c417efb2b0305361a353e67321bfc45d274eccc63
118016	256	1835008	3670016	03573ee6635b6e1a7aeff53c1b54e5291c32bf11f9143eb56a2d22a3d085f552
118272	256	1835008	3670016	dfa97bec82b4f2c086ba07406733fdc6fb948ef959b514b2553bb74f5e13a1a7
118528	256	1835008	3670016	3581d1b6762437d1729e296bfc236bde93a98586ad0dcbeecc58cc092f00d2c3
118784	256	1835008	3670016	4d9bb7a4aed838c6e3a184ef0062490118f8cb3ea1cff4e8eed04be1b4f49bf8
119040	256	1835008	3670016	eba9ca15a795fa0c188ed62caf6b8f22b9d2ca12392cd94cf9fdb055f06319d9
119296	256	1835008	3670016	b845a14f80d26476da7301b9f8f244e657afa7abbab3a6d79513acdb18b12a80
119552	256	1835008	3670016	64358b53f8f1a105f8eb9fe0dcbf6be159b475c76e49c5f23f6ddbb09abaa049
119808	256	1835008	3670016	e72a7155ad433a98fb524c056cc45583b59069f3b98eba48652f80aec6167806
120064	256	1835008	3670016	e04829760830870d02ebba9edb65fbbf203d6e4091b32e97e56b720ed29c5b54
120320	256	1835008	3670016	77a009f8cc333a3d07b03c88763d5b04c198811c10033a52cfc28ba26605737b
120576	256	1835008	3670016	1bf03d77d446fa07bee88caed26434532bcfd7d435a7be80b41ad84588cb488c
120832	256	1835008	3670016	2a930f44c53310d7bc2f4bbb82aec1cec6dc8b929af26a63089f0106fba68251
121088	256	1835008	3670016	8436284e0dcd6b43432d4082852227a37ee4d9098cf8f7880dd65f827f219a45
121344	256	1835008	3670016	2e6a3c25bfa50cc704278990e4b03dfa9969f5676b437bc7416d3e945d2ae98d
121600	256	1835008	3670016	2c1fa7b7b0625f98c142880ae5df753b416e112df11ddfe0c319858280dffa2d
121856	256	1835008	3670016	087474f521ed6d79be963e62d505c11f77f6519a3dd5c6172d6cf5773f400f7d
122112	256	1835008	3670016	38367d163bd84358f44eb978ba1f857c02d7fddf4b6188988c1d7cd7aab91ec2
122368	256	1835008	3670016	4c1a2c9e708af17227497e49a7eb07c0667c09bf72b8b6fa1d01c5967d0e45b0
122624	256	1835008	3670016	17a601ebf68d327ce4c55d9bd9eed9a02a02c9f745dace00d92b73ddd6a046b1
122880	256	1835008	3670016	978b72ebfdee39949a73d9ab768623f57d4d7664640a59ba5d52cbf4ed8ebd9a
123136	256	1835008	3670016	7f8438f6a46ab14d6ed37a986869d3990eb1825b8b8dd0787cc427fdf81dd203
123392	256	1835008	3670016	3bbbbd3c001a508266d1e224d7d7c2c367450c02b7c27d147bbe1d0458f967c8
123648	256	1835008	3670016	f5420c81807857659f565f29e9df1cd51944f9471c23931508526ef3f2eef081
123904	256	1835008	3670016	31aa00bebab2f220c50a46dd73c2468a26acefef40c8747f9315c08d51bd4322
124160	256	1835008	3670016	c3bd618079f9e17ed667d4fac983a6f8899f7a3e35dcf95567a429929bd81dcf
124416	256	1835008	3670016	5b10614cf2875e4df24ea86c03eaaba080fb2767a18c8839193149c842ecea14
124672	256	1835008	3670016	ec979436e70ea25c29a4d1c6726a6fa358c9045acca8e981fe03ff037b4c9889
124928	256	1835008	3670016	e8be66cdf017f67d96eaf61e9f6008366b299bb05b56056b750b84e22c9aa60e
125184	256	1835008	3670016	0e202afa45a0827fb63b4a349ac43b3b69687ba9411d7d44059cf5894715eda0
125440	256	1835008	3670016	7aae771779e0547e86088754d5834b0eefd482b64bd4b864f613a80d97621736
125696	256	1835008	3670016	7a8bad68bca5699d2fd17fde6c20af3a03730f67af9db1294f02920a203117e7
125952	256	1835008	3670016	52d4e3d48705c0c4f00b873f72447370fffe9ef63d7e3b449c10b6e932646af8
126208	256	1835008	3670016	c7e04570178600f463fe8f0546d0045a1e4989680c390ce07592344b04cc2d11
126464	256	1835008	3670016	4c172e991675853ae35228420fbb9d46ba69438925c06cd35e23c342722b97fd
126720	256	1835008	3670016	a87dc1d901b24a62da7047ac83de4909e80df2290db83bf2e1d30bb7ea9f1152
126976	256	1835008	3670016	4bb6fc92f5d0c21ec1e909cef18f8e8018151793b206d20b1e51a3541be35508
127232	256	1835008	3670016	d28713eab5ae9f4d23409bb7cecdb4491c850167f215013ce172ad2a76b81b77
127488	256	1835008	3670016	2f29cdaa66a3e6d2e6d1ffab6dd60353ce6c7363e4d7a049aee4c2a9d822150b
127744	256	1835008	3670016	5744d9dc8fb8963a4d9606b13ea2fac0648d7e58907ecdf057bf5f1dccb85537
128000	256	1835008	3670016	aa6e8265b759c8dc7d56637b718e85aa352fac1329f3b026eecc6711ef17b9a7
128256	256	1835008	3670016	5bf29d35eb8d523b5fbc17c7c8983f0d14bc206373822915dede1379cb06a4b0
128512	256	1835008	3670016	ca35ad0950f09275f8c0aa5d1b5476b2ff71f4242c48969c238a78cf1d1d839f
128768	256	1835008	3670016	47d3cae20491ba0140ba0826932c4ebf14d555e627e313220a3c741df3ce7d19
129024	256	1835008	3670016	76edc1e1480d0effe98e4b4233d5f9c0f75c346126455830ab3f5f4ff0bfabc5
129280	256	1835008	3670016	1772d7aea454ee70533b53362e2cdb707f376727c845327f1a0d11ad85a2b4cf
129536	256	1835008	3670016	6ab1b62847ef03fc9ab3209b847c69c81ee76403e03de54dd6685dc041dc078e
129792	256	1835008	3670016	0e23ce72148310acd678a870c05b1812a35305dab8948d51e606b47784d6a45b
130048	256	1835008	3670016	066d0fecd7123ba32b02666c839e86ca0f1a41439891c4202ddb8610221a3046
130304	256	1835008	3670016	ddfa0b9330444d77473671f0b28095007ec040374fb34e033a34dce65c3e2f6c
130560	256	1835008	3670016	f3811f0644abe2841bea9f15217419440a4f46443596bf38fb00c203b1dfbef6
130816	256	1835008	3670016	80cc59ac24d711f520a65ff3417daef0cbad2f28548c047ba3cf57364ee54811
131072	256	1835008	3670016	9d1a70b1abd7e42190ebb589e9d2a342386060669574d8f85aa25e5e3a5daad4
131328	256	1835008	3670016	fc89cb5d9f3332fcf46c97feaae21129aecf14eac70bb0d661fbf002006a816c
131584	256	1835008	3670016	e23c14c704b183c440de42932454f59268ef84c291455dfd37dcf52d3cf966ca
131840	256	1835008	3670016	59add63b8c09af38861c17d6dd3838bb0a6c6c57ba331a13d7e30290cde68e16
132096	256	1835008	3670016	53e52448dd0fd9a6572cb4cfd577f9e007e4aaa48ccded15a4f465b525351790
132352	256	1835008	3670016	fffe3eabb3037adb4bf436b7195f83f37617c57924f5e71d2722c94b196e699b
132608	256	1835008	3670016	6153d2a429faf6306dadd51760c0399c8ec4cd04a9a3fe40e30dcb4da4d809ca
132864	256	1835008	3670016	3b5351d95fff9bff8c0df9f848fe4f4e92dd117deef63a4d34b180740ed30c6e
133120	256	1835008	3670016	184260b2863cc9fc90b405c1aa3748af3b103de7dd83f56a7db1ca28d953a173
133376	256	1835008	3670016	747aa33aaf901a64398595195a5038584083d8ed4191b6faf850cf36547f7174
133632	256	1835008	3670016	aa59f4f2f7f59daa4f840966b935195ab1cb60c40bf634dd0eb90330e239a6e1
133888	256	1835008	3670016	2da11d82f2e4eabf236ca6f66c490952181314c79af5ac79409e6ad790b5a1b9
134144	256	1835008	3670016	71fc9478ce977d2d8fe2a72be8110efd8da8e451646ea1e5a0bedd0649350033
134400	256	1835008	3670016	f683f4805f220864f2f90a3ab4cfefb11e0438e0270d75717b5dee0c1e7e3d76
134656	256	1835008	3670016	11a179f66783faf94420a99318a08185ae65389a931fdca5e60049d5731ed90c
134912	256	1835008	3670016	fbc950b10c524fb42180d09bd0b143f158c2acf62e79682a81d0adfd69d6b71c
135168	256	1835008	3670016	d41a8ed88ad788307bd67b7a3e4fb66f6f92992f02ec8f1ec421879fde803449
135424	256	1835008	3670016	be7cdc76abdbc63d66211a56a6208f4b46d568263a13649d12611a5c48cb5802
135680	256	1835008	3670016	502d3f331f5a297952ca4c409657a151d84dbe522b9824c5500037b8518a4794
135936	256	1835008	3670016	6d4f401b3e9030690038789edc0d0e9cbbf242adc1af0156a1d3608796b6390b
136192	256	1835008	3670016	c7584ae2ba46ad4543107a07bb4d7a1f9e80325b63dbe48d294e4771dd2936d6
136448	256	1835008	3670016	7df337c3d997ce138289e690571e43a321b2daaf2e531c96c825a76be0716ce2
136704	256	1835008	3670016	d638e81fb7f073390672480bd746c11c71b3ccd814844b21b4d09d356dcd4c74
136960	256	1835008	3670016	6fe6a2694999a7170d8ba862252d0e5583ace71a2cbf89adc20efe6b20fc9480
137216	256	1835008	3670016	68a57d590ecb902dc91f7ba5cf27b49494a51a1e042d0881e877c76fcf6f72e0
137472	256	1835008	3670016	3628108433a6ecb5785bf46908afd04a128a6a97859a2d3940dc006b02cfb80d
137728	256	1835008	3670016	9ccad660d423fd41f3ff4b4ff1b9b50b91d387f2e3479a9cbb4fed70b950c24e
137984	256	1835008	3670016	c5ffb9508e6caf17792a01909cb6d5426ca4d4d884e7661afa06d09c95b6fc42
138240	256	1835008	3670016	40bb6d1ee368018542567ee807faf97ced7ec1a1aa5653e261d0494f77721f01
138496	256	1835008	3670016	a4ce6dcd8a02b1aa77283cd65c5471709335c11a73fc81eadb9a260b89078c6c
138752	256	1835008	3670016	62b0f6d07bfdee42e1762e2c32b6d4e9d4fd0944c73ad07468b10b6ce90ae308
139008	256	1835008	3670016	918506f37d211e7dbf4e686993a380f193f6559686324af2630ef57cbd1be76c
139264	256	1835008	3670016	821f1348506bc6314b248179172eeff00c4c7af73c67ac98477c8ceaebe4ef99
139520	256	1835008	3670016	53e6422304e683da42a173c695efd738018c7eb2a26fe7a8b47463398304cd82
139776	256	1835008	3670016	a96504c8da2d688efff311f9b97bce88692197ab9a0facf8f1fe156a500a5e0d
140032	256	1835008	3670016	fb2c096ffa208cb0b1f009bc07b2b8dbbfd3ca63bbde948a42798231ff89df1c
140288	256	1835008	3670016	0bb2b9573d1d5112f457e0876ee1ee04367750aebd5054b642b448f509416cd4
140544	256	1835008	3670016	b15329a2249ed4d6c579a2951363f989330d550b71c15d3259deddf9a1cb048e
140800	256	1835008	3670016	83eb9429b304a392ed0368021969e9ac991cd8bf2c6c513bf3db126f25a23515
141056	256	1835008	3670016	20ac368b670787d0f41dd24af24901e874fbb9e71c206ad3d00742db75511b76
141312	256	1835008	3670016	1e3003aa97079b6d70600a940e3d3bbc5eb8a89b65e2ec33dfd940486e5476ec
141568	256	1835008	3670016	a839967c9e1712fd60d4fecee6c6dd57a6ebeba1b217a1621a3bb91196c7aec4
141824	256	1835008	3670016	faa48d94e5933ac0fa5535016272ae2e8ef3c4799b0d9ab1fa5f896c878e74e9
142080	256	1835008	3670016	198d9184ba70d33744c7fbb2d36390c1b79c02d0d984ea3d4e730b6aba47a65f
142336	256	1835008	3670016	42c74a3e79c10c106ead45de5cce2005cbf304e601ad78e205e9018f7583bef1
142592	256	1835008	3670016	b6f5f4c2aeee5e2d33f71fb5c3017b8c12818fc1ff31d345167dac70e3608d99
142848	256	1835008	3670016	d23c7170616ba32f5e54a224fd30a18c5b156857b9a12a429a8111e9a3f6d7d3
143104	256	1835008	3670016	fc23491b289a7465b45a0f45c06047f8f6debe406a672145386a295ba835e6b4
143360	256	1835008	3670016	f38259ad84d19eb360877dda221658dcefad9c4afc3465f611e5e30ced5e8df1
143616	256	1835008	3670016	c7d4abd990df9dc1563237c151740a6d0f9d1ecf33e6f8a2fcd880287c3b588e
143872	256	1835008	3670016	1c414cfac3677a5fc554c6f42d1767d9664f5bce90564941f8cc267f07efdb51
144128	256	1835008	3670016	ae645008f5b85e82d8654d3284ebe79e4ee554cd808549f25a32a302423d32b7
144384	256	1835008	3670016	5966dcec25eae46c238d4ae87d9fd118661e0c7e012fb8df28e158e5ef2cff35
144640	256	1835008	3670016	1a6fd574189360efba36d2520f3d3263d9129b6ad892caf016e94806861fe54e
144896	256	1835008	3670016	03028a4e6d5f9ecaed84798e133852086b183791039709fac1254792b3bd420a
145152	256	1835008	3670016	311919e56cdb228a08603295e143ec6cd8ed25a9505996820ae7fbbb4b34f347
145408	256	1835008	3670016	8ab80836107be4f28917ff71b7b13b4e5aff59c32cf90421604bcf2f1f8f566e
145664	256	1835008	3670016	c9af95a13b63a0261cd058b33a0ca1a1794f65b16e4200b9af8397c93fbb8026
145920	256	1835008	3670016	523b004dad6c537e52f8f77b247256a8fd48d422af3fb05f97218151ec549d83
146176	256	1835008	3670016	40588966d7c05261647a9b382761b84a4e13aaabed2587100dd057b3dc440f9c
146432	256	1835008	3670016	a3139378480517aa643de60e9ed212ad7cdd60d4f64b4f20e4920b7c123d3b44
146688	256	1835008	3670016	c3c38142bb7e4c05729e626c4d9572704736a9e5e45a7df9e1c4602f7de67011
146944	256	1835008	3670016	d99fdfe0da704fa61dac1729bd1ca0e10cd01e093f5e8f27b89950118e95d61f
147200	256	1835008	3670016	8a7b2309aa832aae2a0873ff50dd89ba2b1c09e8d437b84ecced56b002a49754
147456	256	1835008	3670016	ddf97878ad10fbf8d7e061e495905295318b4fe6d5556115a9c894c75d3da9f2
147712	256	1835008	3670016	7185be82bc53bc7844931eef3c947f05a71f9460de089c1cd232e1f4f0a9f82d
147968	256	1835008	3670016	938c54304b4802bb683c26bdbbfb687e1df4e4893191cf3c786d25299d6414ca
148224	256	1835008	3670016	f29cd9d531e4a00fa970bbd2092ba9706e209748a254860fc755a153ba40e51f
148480	256	1835008	3670016	bcfffdc11884415b1260b170df4ced214ccf7a72c697569a5c1008bfbe2f3b28
148736	256	1835008	3670016	246a4f148830a89eb4ab6d55a1721b329c523770f43e8bf223b3ab5fd885e5e3
148992	256	1835008	3670016	089d16976b61e00c35b7a2125901e2acfffba7a47f238a9695a5974732623c56
149248	256	1835008	3670016	192a914b4a3e46fc5026c59fa1ad6299434da796f5d308a173c042545205ea9d
149504	256	1835008	3670016	58f43c9e9551aed035a336851f8f5ba25975ddaee0453c944bedb5a616cc9e07
149760	256	1835008	3670016	270f01c6b4bc5a039eb906deff6dfc869d129b5a25dd43401bc6b5603a954457
150016	256	1835008	3670016	e1c16237a18aaa21160acacfdcdfbac96d3a4c4fb9f30f841a2c141c5a274f38
150272	256	1835008	3670016	07674442160a6acbbc048b8160e49cd88cec0dcbb852a3b9b97fd145685f4047
150528	256	1835008	3670016	88a86ca780d0252678ef9e35c52d758e1bb1c1e6c53d6b3082fcaf6d73e7d8b8
150784	256	1835008	3670016	04bb2a06bfddc2517f2d3113ff171adb1c0f39cc2dfc6c02bf3ff6517f992666
151040	256	1835008	3670016	229ca9b9878f29215a1a4a9b9455ff807e4d216c6478e795b68a2d582991f1b0
151296	256	1835008	3670016	2e672b6babdedde8b181ec133668e3059ce448ed5e4fa39c4681ba057f61308e
151552	256	1835008	3670016	1b6abdcba15935bd9d76ff294c4edc8cf1d394eec5c19a7b2123cf2bb16d2433
151808	256	1835008	3670016	770f60629c3dff3b6db0688b2c83b8c36e6165c51635ed610b196ea43fd3447e
152064	256	1835008	3670016	9a272ba2703ca7a199fc74eb74766ce377282b5368752a5512579a9746626ce1
152320	256	1835008	3670016	1a6dc1a427843a724311ee16809e61fe9402ad8f9f49e6948e085f07ac1a7dab
152576	256	1835008	3670016	9cf84ad158877f7ff0413735b5a5327058f0f669bbc850da20f3671fbcde127d
152832	256	1835008	3670016	c5e9684d1c8dec4e71f697d2fd1d99e64c75f1867a4a5a825ab31572086e3971
153088	256	1835008	3670016	966719f17a428bfa96557e22962f55565a5706d744a8b70c227e4f1170f038dd
153344	256	1835008	3670016	0539473fc8f70edf59bd11dce2047a4190295966652e92417870b720bbd5d845
153600	256	1835008	3670016	76ac436cf17f28b7a3abb18134b47082db4b6dfd95c3f311cf366901997f06a4
153856	256	1835008	3670016	9465c5ce0cbc43b78c3360cc8bf46f62107bf48649cc01860e5235a59574b451
154112	256	1835008	3670016	d46f25d59a88d7e9ca0902e4a35328300dc3fc6282f585b4e64e9eaac4a304fc
154368	256	1835008	3670016	0a1899223d6a2f49dd38e3327031d4408260985a3bfa1495a7f391581d4dc87b
154624	256	1835008	3670016	fcbd8e66780491bd23f109c7da6551a53137f4623071ff560ad642d8968a1811
154880	256	1835008	3670016	561aa53e3ca5c05db251eec2678b06673c44d8c57cd65db8997af60a2d42fdbc
155136	256	1835008	3670016	6d882484725a49ac97095c05115cb05eea1db7a72daba893e473ed50dfc3dae6
155392	256	1835008	3670016	5012df7468c02c79b27cdbfc990e8fe8225f31d8fd5472251e52c54030ca9b56
155648	256	1835008	3670016	44697851de9ea9a4761e4be9be52433198dd1c0c21005ab2e7d807244e1307d8
155904	256	1835008	3670016	3761d012e9d1cdf329b6df73a4fe16d261f3cf2352ce283fd247666f4d5665af
156160	256	1835008	3670016	f0b14106e74ae2ca65988f29168e64666fd0e60f097478336ae648c81a5479cf
156416	256	1835008	3670016	f7644161251fbc7eb9bc7404f534e85e1243005e0b4608f03683895e3b4b9200
156672	256	1835008	3670016	585959c2007c6efa83a7027aa0dde3e09360c166661f6118d1def7284be02ddf
156928	256	1835008	3670016	7f1c47f09c21e01d580e3f665057c8819fbca8d01cef687b868b0f180fd3ba1a
157184	256	1835008	3670016	25fed36d63929f77b7517aeb7e0d96cffa64d4c749bbf4dd65fa8b668150a578
157440	256	1835008	3670016	29172608d1c8373e9510013f3a5c0295493a030838739d93070e0acc8c945ebf
157696	256	1835008	3670016	1c62b4f8ff6435357e53e6f13cd1b1ddb186fecac7b819ce9ed5b4c0ceed0834
157952	256	1835008	3670016	56fba193f56f561ab654b7b1fe2a0a6d530abbd0e315cc8f91b1abe0ba76f889
158208	256	1835008	3670016	662ee377ba0eed0a8ebb2ef62028f709d9524b07b65d42c78bf85208b178dca6
158464	256	1835008	3670016	39ecd30a974fef5020883da40752a1c5cfd5a18278760d874dc6bb7080747352
158720	256	1835008	3670016	d94063d158be44e0c822dbc3be35e9da28716bc7271b42ed6bb1f72f1c77d23e
158976	256	1835008	3670016	f02b07d6feecbf421a6418f11bd65a14a6344d4300a382e3b4318839990e0205
159232	256	1835008	3670016	8d4bcd0a27a5f20daec0b894eb7906d62ae44782c9511e72c6bf987eaeea743c
159488	256	1835008	3670016	ee3024a2e8d6f4f0a6ae160de83d4984c63100a2aabe8653e7c0a7fecfd27abf
159744	256	1835008	3670016	44467845e3568a81db6d2c8cec0e7f529d85543d648b75871bd8b6e0ea15c6b9
160000	256	1835008	3670016	b24ba50e7ae8708b31ae1e49ba2c9d1d1b8c3bec7645f3bfec302d92342372ec
160256	256	1835008	3670016	a2c6b6e710c0531e85cb8e87464a680c8c5818221d66e9d06cac50dca8c38a39
160512	256	1835008	3670016	86a403317fc6e1332f9562d5d3ffac6926c17b8e090e2ce33be4077dca8e7e3c
160768	256	1835008	3670016	af4d221ce50ab72149474259f62129e7e6b27c186616b835a567588080e7029a
161024	256	1835008	3670016	f30d1c2e13c162bab7343c5a428df0d044f07209c3b13ae3a4e8a4e4c3e339a9
161280	256	1835008	3670016	8971a8df5313f9c4d5574d8b5ca2a5b41fd49585f181c3bd5dfb96225d35e21a
161536	256	1835008	3670016	c9fd74ad1435fed7e3c13c18778106b7818e7f1f6e9c3512052b738122ee5624
161792	256	1835008	3670016	b8c1b236d7de86ee9c882f02e8b110612960886f3bacbcce4f6f2de750f67cb3
162048	256	1835008	3670016	520c19b34b7fb07c8f3cb9d54c9e1551ddace07aef182b3d3d6ab679a807d2d9
162304	256	1835008	3670016	bf355b464bbb7b24a9a6b2d3cbabc62c1b0b4559d267f6cdafe5c0ccea199837
162560	256	1835008	3670016	e26ca0d50199993674bbf3a3781e07de29f1fc88bbd8a81b0138df57b4c6cec4
162816	256	1835008	3670016	a91f315ebe4bc3ebac0d47833e9a0ac8ff0b3226b5881cdc0f7697bb8309ca4a
163072	256	1835008	3670016	f977638d9009f805b5c4d8c9798f47bfdabe6121e154c7930dc182be9f33ba87
163328	256	1835008	3670016	be94b105414436453defcbd7ece1c89af07c115ef8b10fa71f7501198848d237
163584	256	1835008	3670016	4dcaac1402299cd59b3951132ca1e848ce1f7d5dfbbee6a22ec8e716127f1259
